Parameter,Actual values,Case 2 : CE,Case3 : Dual,,diffrence in controlers,CE offset,Dual offset
xk_1,0.5,0.5,0.5,,0.0,0.0,0.0
xk_1,0.5,0.5001218375624055,0.5001218375624055,,0.0,-0.00012183756240546906,-0.00012183756240546906
xk_1,0.5,0.5004428192277186,0.5004428192277186,,0.0,-0.00044281922771860494,-0.00044281922771860494
xk_1,0.5,0.5008234484359765,0.5008234484359765,,0.0,-0.0008234484359764815,-0.0008234484359764815
xk_1,0.5,0.4999746214122777,0.4999746214122777,,0.0,2.5378587722280077e-05,2.5378587722280077e-05
xk_1,0.5,0.4985479828621793,0.4985479828621793,,0.0,0.001452017137820727,0.001452017137820727
xk_1,0.5,0.49820249891305635,0.49820249891305635,,0.0,0.0017975010869436536,0.0017975010869436536
xk_1,0.5,0.4986231698661161,0.4986231698661161,,0.0,0.0013768301338838995,0.0013768301338838995
xk_1,0.5,0.4973792377471302,0.4973792377471302,,0.0,0.0026207622528697794,0.0026207622528697794
xk_1,0.5,0.4986036644023477,0.4986036644023477,,0.0,0.0013963355976522873,0.0013963355976522873
xk_1,0.5,0.5003857179050678,0.5003857179050678,,0.0,-0.0003857179050678061,-0.0003857179050678061
xk_1,0.5,0.5014229247830528,0.5014229247830528,,0.0,-0.0014229247830528369,-0.0014229247830528369
xk_1,0.5,0.5018088772966774,0.5018088772966774,,0.0,-0.001808877296677447,-0.001808877296677447
xk_1,0.5,0.5020866932547123,0.5020866932547123,,0.0,-0.002086693254712335,-0.002086693254712335
xk_1,0.5,0.5003098069836096,0.5003098069836096,,0.0,-0.00030980698360960623,-0.00030980698360960623
xk_1,0.5,0.4973207889377005,0.4973207889377005,,0.0,0.0026792110622995136,0.0026792110622995136
xk_1,0.5,0.49491423222165615,0.49491423222165615,,0.0,0.005085767778343853,0.005085767778343853
xk_1,0.5,0.4960263881182206,0.4960263881182206,,0.0,0.003973611881779415,0.003973611881779415
xk_1,0.5,0.4985129945652889,0.4985129945652889,,0.0,0.0014870054347110861,0.0014870054347110861
xk_1,0.5,0.49917426908442813,0.49917426908442813,,0.0,0.0008257309155718651,0.0008257309155718651
xk_1,0.5,0.4997377910479809,0.4997377910479809,,0.0,0.0002622089520191162,0.0002622089520191162
xk_1,0.5,0.4987180982126022,0.4987180982126022,,0.0,0.0012819017873977878,0.0012819017873977878
xk_1,0.5,0.49966844432879187,0.49966844432879187,,0.0,0.000331555671208128,0.000331555671208128
xk_1,0.5,0.4983917301200555,0.4983917301200555,,0.0,0.0016082698799445017,0.0016082698799445017
xk_1,0.5,0.49900719685867634,0.49900719685867634,,0.0,0.0009928031413236615,0.0009928031413236615
xk_1,0.5,0.49966816732759317,0.49966816732759317,,0.0,0.0003318326724068288,0.0003318326724068288
xk_1,0.5,0.49798921685396996,0.49798921685396996,,0.0,0.0020107831460300374,0.0020107831460300374
xk_1,0.5,0.4978860770539601,0.4978860770539601,,0.0,0.0021139229460399034,0.0021139229460399034
xk_1,0.5,0.4977529760884017,0.4977529760884017,,0.0,0.0022470239115983115,0.0022470239115983115
xk_1,0.5,0.49725398361317485,0.49725398361317485,,0.0,0.0027460163868251453,0.0027460163868251453
xk_1,0.5,0.4976866131663206,0.4976866131663206,,0.0,0.002313386833679376,0.002313386833679376
xk_1,0.5,0.4984095807923652,0.4984095807923652,,0.0,0.0015904192076348078,0.0015904192076348078
xk_1,0.5,0.49855805968574823,0.49855805968574823,,0.0,0.0014419403142517662,0.0014419403142517662
xk_1,0.5,0.4978489506884727,0.4978489506884727,,0.0,0.00215104931152732,0.00215104931152732
xk_1,0.5,0.49917063778518556,0.49917063778518556,,0.0,0.0008293622148144442,0.0008293622148144442
xk_1,0.5,0.49894806611612197,0.49894806611612197,,0.0,0.0010519338838780312,0.0010519338838780312
xk_1,0.5,0.49705726541202355,0.49705726541202355,,0.0,0.0029427345879764477,0.0029427345879764477
xk_1,0.5,0.49739202813283756,0.49739202813283756,,0.0,0.0026079718671624397,0.0026079718671624397
xk_1,0.5,0.4974083366026948,0.4974083366026948,,0.0,0.0025916633973052106,0.0025916633973052106
xk_1,0.5,0.4985807136754156,0.4985807136754156,,0.0,0.001419286324584379,0.001419286324584379
xk_1,0.5,0.4983282657370522,0.4983282657370522,,0.0,0.0016717342629478105,0.0016717342629478105
xk_1,0.5,0.49680606770522656,0.49680606770522656,,0.0,0.0031939322947734383,0.0031939322947734383
xk_1,0.5,0.49470525970518153,0.49470525970518153,,0.0,0.005294740294818467,0.005294740294818467
xk_1,0.5,0.49367486467620614,0.49367486467620614,,0.0,0.006325135323793862,0.006325135323793862
xk_1,0.5,0.4951808002339263,0.4951808002339263,,0.0,0.004819199766073701,0.004819199766073701
xk_1,0.5,0.49613704194684627,0.49613704194684627,,0.0,0.003862958053153731,0.003862958053153731
xk_1,0.5,0.49699260420480934,0.49699260420480934,,0.0,0.0030073957951906594,0.0030073957951906594
xk_1,0.5,0.497135160145579,0.497135160145579,,0.0,0.0028648398544209863,0.0028648398544209863
xk_1,0.5,0.4969219203741535,0.4969219203741535,,0.0,0.003078079625846497,0.003078079625846497
xk_1,0.5,0.49755190686344464,0.49755190686344464,,0.0,0.0024480931365553626,0.0024480931365553626
xk_1,0.5,0.5000392772951472,0.5000392772951472,,0.0,-3.9277295147188696e-05,-3.9277295147188696e-05
xk_1,0.5,0.5012730009030729,0.5012730009030729,,0.0,-0.0012730009030729184,-0.0012730009030729184
xk_1,0.5,0.4981981257418868,0.4981981257418868,,0.0,0.0018018742581131786,0.0018018742581131786
xk_1,0.5,0.4986927812316487,0.498567340347571,,0.00012544088407767662,0.0013072187683513259,0.0014326596524290025
xk_1,0.5,0.4995943619138544,0.4994162879398411,,0.00017807397401331526,0.0004056380861455766,0.0005837120601588919
xk_1,0.5,0.5005856199003851,0.5004502932073966,,0.00013532669298843558,-0.0005856199003850815,-0.0004502932073966459
xk_1,0.5,0.5020185129365102,0.5019394859027348,,7.902703377538067e-05,-0.0020185129365102306,-0.0019394859027348499
xk_1,0.5,0.5025560751413862,0.5025173706696062,,3.870447178000447e-05,-0.002556075141386227,-0.0025173706696062226
xk_1,0.5,0.5025719793577267,0.5025571123932873,,1.4866964439419483e-05,-0.0025719793577266836,-0.002557112393287264
xk_1,0.5,0.5015209339932502,0.5015173650859596,,3.5689072905853436e-06,-0.0015209339932501509,-0.0015173650859595655
xk_1,0.5,0.500534691527556,0.5005352953746858,,-6.038471297431514e-07,-0.0005346915275560304,-0.0005352953746857736
xk_1,0.5,0.5013423210191427,0.5013436218043341,,-1.3007851914492718e-06,-0.001342321019142667,-0.0013436218043341164
xk_1,0.5,0.5014560102670736,0.501457070676673,,-1.0604095993516083e-06,-0.0014560102670736486,-0.0014570706766730002
xk_1,0.5,0.5011573113797989,0.5011578611131182,,-5.497333193105192e-07,-0.0011573113797989087,-0.0011578611131182193
xk_1,0.5,0.5014342019426651,0.5014343741764438,,-1.722337786835837e-07,-0.001434201942665081,-0.0014343741764437645
xk_1,0.5,0.5001239541796034,0.5001239948165063,,-4.063690284272781e-08,-0.00012395417960342492,-0.00012399481650626765
xk_1,0.5,0.5016172215329973,0.501617082621502,,1.3891149530653735e-07,-0.0016172215329972595,-0.001617082621501953
xk_1,0.5,0.5029975710290722,0.502997368343441,,2.0268563116765392e-07,-0.0029975710290721658,-0.002997368343440998
xk_1,0.5,0.5028963014556902,0.5028960510652473,,2.5039044293517776e-07,-0.002896301455690198,-0.0028960510652472626
xk_1,0.5,0.5026413124476792,0.5026410423375094,,2.701101697866193e-07,-0.0026413124476791783,-0.0026410423375093917
xk_1,0.5,0.5018697208079139,0.5018694622611766,,2.585467373528161e-07,-0.0018697208079139216,-0.0018694622611765688
xk_1,0.5,0.5029722901042052,0.5029720345299428,,2.555742624199553e-07,-0.0029722901042051886,-0.0029720345299427686
xk_1,0.5,0.5049951196571035,0.5049948755869319,,2.440701716288629e-07,-0.0049951196571035306,-0.004994875586931902
xk_1,0.5,0.5051617636069431,0.5051615448280141,,2.187789289731512e-07,-0.005161763606943093,-0.00516154482801412
xk_1,0.5,0.5045028786504343,0.504502684302204,,1.94348230286856e-07,-0.0045028786504343055,-0.004502684302204019
xk_1,0.5,0.5027555331630088,0.5027553646758594,,1.6848714945449927e-07,-0.0027555331630088054,-0.002755364675859351
xk_1,0.5,0.5011301257591013,0.5011299770525004,,1.487066009220328e-07,-0.0011301257591013192,-0.0011299770525003971
xk_1,0.5,0.5027366770054844,0.5027365449887342,,1.3201675019836046e-07,-0.0027366770054844114,-0.002736544988734213
xk_1,0.5,0.5043941775284922,0.5043940619529031,,1.1557558909913723e-07,-0.004394177528492249,-0.00439406195290315
xk_1,0.5,0.5035565500297445,0.5035564487563153,,1.0127342919830085e-07,-0.003556550029744532,-0.0035564487563153335
xk_1,0.5,0.5048800372937251,0.5048799466168638,,9.067686135288966e-08,-0.0048800372937251035,-0.004879946616863751
xk_1,0.5,0.5058287631157674,0.505828682044703,,8.107106441723744e-08,-0.00582876311576741,-0.005828682044702993
xk_1,0.5,0.5048567738540524,0.504856701659088,,7.219496434007766e-08,-0.004856773854052365,-0.004856701659088025
xk_1,0.5,0.5030705459446184,0.5030704820432697,,6.39013487679918e-08,-0.003070545944618419,-0.003070482043269651
xk_1,0.5,0.5032219283993171,0.5032218716273438,,5.677197334463813e-08,-0.00322192839931712,-0.0032218716273437753
xk_1,0.5,0.5027150656491625,0.5027150153523003,,5.029686211965867e-08,-0.0027150656491624625,-0.002715015352300343
xk_1,0.5,0.5023785257225747,0.5023784810830609,,4.4639513752109394e-08,-0.002378525722574687,-0.002378481083060935
xk_1,0.5,0.5042539358615256,0.5042538961906119,,3.967091366519071e-08,-0.00425393586152556,-0.004253896190611894
xk_1,0.5,0.5047818667300925,0.5047818314760889,,3.5254003605267314e-08,-0.00478186673009251,-0.004781831476088905
xk_1,0.5,0.5045489236291875,0.5045488923929514,,3.123623604217585e-08,-0.004548923629187462,-0.00454889239295142
xk_1,0.5,0.5031348254973529,0.5031347978975805,,2.759977235644584e-08,-0.003134825497352889,-0.0031347978975805324
xk_1,0.5,0.50377240679775,0.5037723824556595,,2.4342090565454555e-08,-0.0037724067977500386,-0.003772382455659473
xk_1,0.5,0.5036092387979877,0.5036092172145834,,2.1583404286040775e-08,-0.0036092387979876905,-0.0036092172145834045
xk_1,0.5,0.5034711036669158,0.5034710845519961,,1.9114919758145277e-08,-0.0034711036669158313,-0.003471084551996073
xk_1,0.5,0.5052603805022214,0.5052603635898774,,1.6912344080743935e-08,-0.00526038050222144,-0.005260363589877359
xk_1,0.5,0.5052022260650556,0.5052022110195048,,1.504555080522607e-08,-0.005202226065055604,-0.005202211019504799
xk_1,0.5,0.5043252250198569,0.5043252117098248,,1.3310032076496725e-08,-0.004325225019856882,-0.0043252117098248055
xk_1,0.5,0.503105572736162,0.503105560975067,,1.1761094986795229e-08,-0.0031055727361619656,-0.003105560975066979
xk_1,0.5,0.5003359359346978,0.5003359255517836,,1.038291419508397e-08,-0.00033593593469782856,-0.0003359255517836335
xk_1,0.5,0.5005081572753736,0.5005081481657732,,9.1096004073421e-09,-0.0005081572753735664,-0.000508148165773159
xk_2,350.0,350.0,350.0,,0.0,0.0,0.0
xk_2,350.0,349.96579766480704,349.96579766480704,,0.0,0.034202335192958344,0.034202335192958344
xk_2,350.0,349.79791267945063,349.79791267945063,,0.0,0.20208732054936718,0.20208732054936718
xk_2,350.0,349.9483619819435,349.9483619819435,,0.0,0.05163801805650792,0.05163801805650792
xk_2,350.0,350.3694016267401,350.3694016267401,,0.0,-0.3694016267401139,-0.3694016267401139
xk_2,350.0,350.47479206660466,350.47479206660466,,0.0,-0.4747920666046639,-0.4747920666046639
xk_2,350.0,350.046027496388,350.046027496388,,0.0,-0.04602749638797832,-0.04602749638797832
xk_2,350.0,350.0622688514301,350.0622688514301,,0.0,-0.06226885143007621,-0.06226885143007621
xk_2,350.0,350.68396646124614,350.68396646124614,,0.0,-0.6839664612461434,-0.6839664612461434
xk_2,350.0,349.4796891904943,349.4796891904943,,0.0,0.5203108095057019,0.5203108095057019
xk_2,350.0,349.522129322946,349.522129322946,,0.0,0.47787067705399977,0.47787067705399977
xk_2,350.0,349.57518200927916,349.57518200927916,,0.0,0.4248179907208396,0.4248179907208396
xk_2,350.0,349.7268628286618,349.7268628286618,,0.0,0.2731371713381918,0.2731371713381918
xk_2,350.0,349.7223410378178,349.7223410378178,,0.0,0.2776589621822154,0.2776589621822154
xk_2,350.0,350.602335063328,350.602335063328,,0.0,-0.6023350633279847,-0.6023350633279847
xk_2,350.0,350.76617069986423,350.76617069986423,,0.0,-0.766170699864233,-0.766170699864233
xk_2,350.0,350.9240142088088,350.9240142088088,,0.0,-0.924014208808785,-0.924014208808785
xk_2,350.0,349.5276858472029,349.5276858472029,,0.0,0.47231415279708244,0.47231415279708244
xk_2,350.0,349.4137347260029,349.4137347260029,,0.0,0.5862652739971281,0.5862652739971281
xk_2,350.0,349.97606986785524,349.97606986785524,,0.0,0.02393013214475559,0.02393013214475559
xk_2,350.0,349.6828141265712,349.6828141265712,,0.0,0.317185873428798,0.317185873428798
xk_2,350.0,350.53823620078185,350.53823620078185,,0.0,-0.5382362007818529,-0.5382362007818529
xk_2,350.0,349.58121267043566,349.58121267043566,,0.0,0.4187873295643385,0.4187873295643385
xk_2,350.0,350.7994849567768,350.7994849567768,,0.0,-0.7994849567767801,-0.7994849567767801
xk_2,350.0,349.55134125405453,349.55134125405453,,0.0,0.4486587459454654,0.4486587459454654
xk_2,350.0,350.03297658539606,350.03297658539606,,0.0,-0.032976585396056635,-0.032976585396056635
xk_2,350.0,350.56473174260555,350.56473174260555,,0.0,-0.5647317426055452,-0.5647317426055452
xk_2,350.0,349.9490346050189,349.9490346050189,,0.0,0.050965394981119516,0.050965394981119516
xk_2,350.0,350.29810713456516,350.29810713456516,,0.0,-0.29810713456515714,-0.29810713456515714
xk_2,350.0,350.06626310549683,350.06626310549683,,0.0,-0.06626310549683012,-0.06626310549683012
xk_2,350.0,349.8787385722111,349.8787385722111,,0.0,0.1212614277889088,0.1212614277889088
xk_2,350.0,349.6340784143003,349.6340784143003,,0.0,0.36592158569970934,0.36592158569970934
xk_2,350.0,349.8828668071243,349.8828668071243,,0.0,0.11713319287571267,0.11713319287571267
xk_2,350.0,350.01601721964664,350.01601721964664,,0.0,-0.016017219646641934,-0.016017219646641934
xk_2,350.0,349.03712162122,349.03712162122,,0.0,0.9628783787799762,0.9628783787799762
xk_2,350.0,349.9480881849379,349.9480881849379,,0.0,0.05191181506211251,0.05191181506211251
xk_2,350.0,350.2325087739578,350.2325087739578,,0.0,-0.232508773957818,-0.232508773957818
xk_2,350.0,349.33537369888285,349.33537369888285,,0.0,0.6646263011171527,0.6646263011171527
xk_2,350.0,349.8188070597598,349.8188070597598,,0.0,0.18119294024018018,0.18119294024018018
xk_2,350.0,349.0487268345535,349.0487268345535,,0.0,0.9512731654464801,0.9512731654464801
xk_2,350.0,349.72752614951844,349.72752614951844,,0.0,0.2724738504815605,0.2724738504815605
xk_2,350.0,350.00212533331376,350.00212533331376,,0.0,-0.002125333313756528,-0.002125333313756528
xk_2,350.0,350.4663436997212,350.4663436997212,,0.0,-0.4663436997212216,-0.4663436997212216
xk_2,350.0,349.90204014110407,349.90204014110407,,0.0,0.0979598588959334,0.0979598588959334
xk_2,350.0,349.08735548047355,349.08735548047355,,0.0,0.9126445195264523,0.9126445195264523
xk_2,350.0,349.3454836635087,349.3454836635087,,0.0,0.6545163364913265,0.6545163364913265
xk_2,350.0,349.0011858146291,349.0011858146291,,0.0,0.998814185370918,0.998814185370918
xk_2,350.0,349.33853887675247,349.33853887675247,,0.0,0.661461123247534,0.661461123247534
xk_2,350.0,349.4340816869825,349.4340816869825,,0.0,0.5659183130175052,0.5659183130175052
xk_2,350.0,348.82485888370854,348.82485888370854,,0.0,1.1751411162914565,1.1751411162914565
xk_2,350.0,348.28396134175307,348.28396134175307,,0.0,1.71603865824693,1.71603865824693
xk_2,350.0,348.7136557492533,348.7136557492533,,0.0,1.2863442507467084,1.2863442507467084
xk_2,350.0,350.3867386133302,350.3867386133302,,0.0,-0.38673861333018067,-0.38673861333018067
xk_2,350.0,348.82768707081993,348.90611545159936,,-0.07842838077942815,1.172312929180066,1.0938845484006379
xk_2,350.0,349.14743918041876,349.1817707887321,,-0.03433160831332316,0.8525608195812424,0.8182292112679193
xk_2,350.0,348.62420898612567,348.63264472463396,,-0.008435738508296708,1.3757910138743341,1.3673552753660374
xk_2,350.0,348.3234688578731,348.3227630373613,,0.0007058205117687066,1.676531142126919,1.6772369626386876
xk_2,350.0,348.8260158372254,348.82273932189844,,0.003276515326945173,1.173984162774616,1.177260678101561
xk_2,350.0,348.439348821585,348.4366496911241,,0.0026991304608827704,1.5606511784150143,1.563350308875897
xk_2,350.0,349.0503471675669,349.0486003968165,,0.0017467707504010832,0.9496528324331166,0.9513996031835177
xk_2,350.0,348.7716627969113,348.77083637126697,,0.0008264256443339946,1.2283372030886994,1.2291636287330334
xk_2,350.0,348.2653314788157,348.26500735312743,,0.00032412568828021904,1.7346685211842896,1.7349926468725698
xk_2,350.0,348.66263028043835,348.6625394127172,,9.086772115551867e-05,1.33736971956165,1.3374605872828056
xk_2,350.0,348.56438438796823,348.5644007161849,,-1.6328216645433713e-05,1.4356156120317678,1.4355992838151224
xk_2,350.0,348.19171961462365,348.1917566240671,,-3.700944347428958e-05,1.8082803853763494,1.808243375932875
xk_2,350.0,349.0408222305977,349.0408438057772,,-2.1575179459887295e-05,0.959177769402288,0.9591561942228282
xk_2,350.0,347.52974944026664,347.52977951684096,,-3.0076574319082283e-05,2.4702505597333584,2.4702204831590393
xk_2,350.0,348.30522454410715,348.3052484349252,,-2.3890818056315766e-05,1.6947754558928523,1.694751565074796
xk_2,350.0,348.5378631546502,348.5378840090962,,-2.0854446006524086e-05,1.4621368453497894,1.4621159909037829
xk_2,350.0,348.47292268607674,348.472940437418,,-1.7751341260918707e-05,1.5270773139232574,1.5270595625819965
xk_2,350.0,348.62973327018256,348.62974638935736,,-1.3119174809617107e-05,1.3702667298174447,1.370253610642635
xk_2,350.0,347.9812590927636,347.98127226412805,,-1.317136445777578e-05,2.018740907236406,2.0187277358719484
xk_2,350.0,347.6936313577797,347.69364321767614,,-1.185989646046437e-05,2.3063686422203205,2.30635678232386
xk_2,350.0,348.2705049444018,348.27051365399757,,-8.70959576104724e-06,1.7294950555981927,1.7294863460024317
xk_2,350.0,348.24327042178817,348.24327746925735,,-7.0474691824529145e-06,1.7567295782118322,1.7567225307426497
xk_2,350.0,348.8591122922366,348.85911772623456,,-5.4339979556061735e-06,1.1408877077633974,1.1408822737654418
xk_2,350.0,348.76114646386617,348.76115153235327,,-5.068487098469632e-06,1.2388535361338313,1.2388484676467328
xk_2,350.0,347.2355993675632,347.23560408773085,,-4.72016762387284e-06,2.764400632436775,2.7643959122691513
xk_2,350.0,347.9702641744836,347.9702681533589,,-3.978875326993148e-06,2.0297358255164113,2.0297318466410843
xk_2,350.0,348.5720376378097,348.57204099318614,,-3.355376463787252e-06,1.4279623621903283,1.4279590068138646
xk_2,350.0,347.451312394611,347.45131567825865,,-3.2836476293596206e-06,2.5486876053889773,2.548684321741348
xk_2,350.0,348.13984435212006,348.1398473667431,,-3.01462301877109e-06,1.8601556478799353,1.8601526332569165
xk_2,350.0,348.44238362282636,348.44238620446873,,-2.5816423772084818e-06,1.5576163771736447,1.5576137955312674
xk_2,350.0,348.827370733954,348.8273729619951,,-2.2280410689745622e-06,1.1726292660459876,1.1726270380049186
xk_2,350.0,348.0167066362647,348.0167086660727,,-2.029808001680067e-06,1.9832933637352994,1.9832913339272977
xk_2,350.0,348.6074876040501,348.60748939583607,,-1.7917859622684773e-06,1.3925123959498933,1.392510604163931
xk_2,350.0,348.3592997326502,348.3593013186444,,-1.5859941981943848e-06,1.6407002673498141,1.640698681355616
xk_2,350.0,347.5685791395954,347.5685805808779,,-1.441282506675634e-06,2.4314208604046144,2.4314194191221077
xk_2,350.0,348.23006592687494,348.2300672007172,,-1.2738422583424835e-06,1.7699340731250572,1.769932799282799
xk_2,350.0,348.1539766609757,348.15397775785254,,-1.0968768719976651e-06,1.8460233390243275,1.8460222421474555
xk_2,350.0,348.78049774448823,348.78049869972625,,-9.55238022015692e-07,1.2195022555117703,1.2195013002737483
xk_2,350.0,347.72097431873686,347.7209751638845,,-8.451476105619804e-07,2.2790256812631355,2.279024836115525
xk_2,350.0,348.5309394193061,348.5309401848645,,-7.655584113308578e-07,1.469060580693906,1.4690598151354948
xk_2,350.0,348.27731864192776,348.277319312972,,-6.710442335133848e-07,1.7226813580722364,1.722680687028003
xk_2,350.0,347.5369909665982,347.5369915686697,,-6.020715090926387e-07,2.4630090334018178,2.4630084313303087
xk_2,350.0,348.47906819521904,348.4790687356659,,-5.404468765846104e-07,1.5209318047809575,1.5209312643340809
xk_2,350.0,348.2535266817155,348.2535271428609,,-4.6114536189634237e-07,1.7464733182844725,1.7464728571391106
xk_2,350.0,348.66736332916764,348.6673637368097,,-4.0764206232779543e-07,1.3326366708323576,1.3326362631902953
xk_2,350.0,349.26846293072595,349.26846328691914,,-3.561931976037158e-07,0.7315370692740544,0.7315367130808568
xk_2,350.0,347.84585815893615,347.8458584712701,,-3.1233395247909357e-07,2.154141841063847,2.1541415287298946
uk_1,100,100.0,100.0,,0.0,0.0,0.0
uk_1,100,100.14189017397239,100.14189017397239,,0.0,-0.14189017397238501,-0.14189017397238501
uk_1,100,99.92669365187139,99.92669365187139,,0.0,0.07330634812861092,0.07330634812861092
uk_1,100,100.08555426936068,100.08555426936068,,0.0,-0.085554269360685,-0.085554269360685
uk_1,100,99.54785142509434,99.54785142509434,,0.0,0.45214857490566374,0.45214857490566374
uk_1,100,99.89310425230555,99.89310425230555,,0.0,0.10689574769445187,0.10689574769445187
uk_1,100,100.58571686156237,100.58571686156237,,0.0,-0.5857168615623749,-0.5857168615623749
uk_1,100,100.58090286279632,100.58090286279632,,0.0,-0.5809028627963215,-0.5809028627963215
uk_1,100,99.31945063919218,99.31945063919218,,0.0,0.6805493608078166,0.6805493608078166
uk_1,100,102.39574530345278,102.39574530345278,,0.0,-2.3957453034527845,-2.3957453034527845
uk_1,100,99.84034797362222,99.84034797362222,,0.0,0.15965202637778475,0.15965202637778475
uk_1,100,99.23580507594276,99.23580507594276,,0.0,0.7641949240572359,0.7641949240572359
uk_1,100,98.91760317130765,98.91760317130765,,0.0,1.082396828692353,1.082396828692353
uk_1,100,99.36885412976997,99.36885412976997,,0.0,0.6311458702300285,0.6311458702300285
uk_1,100,97.97910431387885,97.97910431387885,,0.0,2.0208956861211504,2.0208956861211504
uk_1,100,98.52515317608359,98.52515317608359,,0.0,1.4748468239164083,1.4748468239164083
uk_1,100,99.78013696626951,99.78013696626951,,0.0,0.21986303373049054,0.21986303373049054
uk_1,100,102.22013719756916,102.22013719756916,,0.0,-2.2201371975691586,-2.2201371975691586
uk_1,100,100.18047370922469,100.18047370922469,,0.0,-0.1804737092246853,-0.1804737092246853
uk_1,100,98.63750496686372,98.63750496686372,,0.0,1.362495033136284,1.362495033136284
uk_1,100,99.72636517771662,99.72636517771662,,0.0,0.273634822283384,0.273634822283384
uk_1,100,98.33800369760385,98.33800369760385,,0.0,1.6619963023961475,1.6619963023961475
uk_1,100,102.13352029999196,102.13352029999196,,0.0,-2.1335202999919574,-2.1335202999919574
uk_1,100,98.28163107858262,98.28163107858262,,0.0,1.7183689214173796,1.7183689214173796
uk_1,100,102.15652821251047,102.15652821251047,,0.0,-2.156528212510466,-2.156528212510466
uk_1,100,99.51966640731163,99.51966640731163,,0.0,0.4803335926883676,0.4803335926883676
uk_1,100,98.51472341836346,98.51472341836346,,0.0,1.4852765816365405,1.4852765816365405
uk_1,100,101.4022424003914,101.4022424003914,,0.0,-1.4022424003914011,-1.4022424003914011
uk_1,100,100.44546935520042,100.44546935520042,,0.0,-0.44546935520041586,-0.44546935520041586
uk_1,100,100.33998990152998,100.33998990152998,,0.0,-0.3399899015299752,-0.3399899015299752
uk_1,100,100.91062594084076,100.91062594084076,,0.0,-0.9106259408407595,-0.9106259408407595
uk_1,100,100.43236816742562,100.43236816742562,,0.0,-0.4323681674256221,-0.4323681674256221
uk_1,100,99.66255918600879,99.66255918600879,,0.0,0.33744081399120773,0.33744081399120773
uk_1,100,99.47153607913722,99.47153607913722,,0.0,0.5284639208627766,0.5284639208627766
uk_1,100,101.02180995369477,101.02180995369477,,0.0,-1.0218099536947705,-1.0218099536947705
uk_1,100,97.9204053846827,97.9204053846827,,0.0,2.079594615317305,2.079594615317305
uk_1,100,98.7887144309883,98.7887144309883,,0.0,1.211285569011693,1.211285569011693
uk_1,100,101.10038232933327,101.10038232933327,,0.0,-1.1003823293332715,-1.1003823293332715
uk_1,100,99.1039438518606,99.1039438518606,,0.0,0.8960561481393938,0.8960561481393938
uk_1,100,101.02964815624338,101.02964815624338,,0.0,-1.0296481562433826,-1.0296481562433826
uk_1,100,98.10368677152043,98.10368677152043,,0.0,1.8963132284795705,1.8963132284795705
uk_1,100,98.93641849422656,98.93641849422656,,0.0,1.063581505773442,1.063581505773442
uk_1,100,99.99493876429453,99.99493876429453,,0.0,0.005061235705468903,0.005061235705468903
uk_1,100,101.50521624182267,101.50521624182267,,0.0,-1.5052162418226658,-1.5052162418226658
uk_1,100,101.88735314983109,101.88735314983109,,0.0,-1.8873531498310854,-1.8873531498310854
uk_1,100,99.41841034777258,99.41841034777258,,0.0,0.5815896522274215,0.5815896522274215
uk_1,100,99.58064338554834,99.58064338554834,,0.0,0.41935661445165806,0.41935661445165806
uk_1,100,98.48771369814824,98.48771369814824,,0.0,1.5122863018517592,1.5122863018517592
uk_1,100,99.56983855774364,99.56983855774364,,0.0,0.4301614422563631,0.4301614422563631
uk_1,100,99.82963418940803,99.82963418940803,,0.0,0.1703658105919743,0.1703658105919743
uk_1,100,100.33525727569983,100.33525727569983,,0.0,-0.3352572756998313,-0.3352572756998313
uk_1,100,98.29027252554752,98.29027252554752,,0.0,1.7097274744524782,1.7097274744524782
uk_1,100,96.91158694138109,96.91158694138109,,0.0,3.0884130586189116,3.0884130586189116
uk_1,100,104.65776224420252,104.65776224420252,,0.0,-4.657762244202516,-4.657762244202516
uk_1,100,101.15502749548823,101.39857740674417,,-0.24354991125593983,-1.155027495488227,-1.3985774067441668
uk_1,100,101.33142225491525,101.51072998357557,,-0.1793077286603193,-1.3314222549152532,-1.5107299835755725
uk_1,100,99.97509757516859,100.07365586921632,,-0.09855829404773431,0.02490242483141003,-0.07365586921632428
uk_1,100,99.41350778805665,99.45731143651578,,-0.043803648459132205,0.5864922119433515,0.5426885634842193
uk_1,100,99.22905056002934,99.24472017681737,,-0.01566961678803125,0.7709494399706642,0.755279823182633
uk_1,100,97.78899880047202,97.79193851115176,,-0.002939710679740415,2.211001199527985,2.2080614888482444
uk_1,100,99.06393660668736,99.06215894479088,,0.001777661896483096,0.9360633933126365,0.9378410552091196
uk_1,100,100.05662050642371,100.05422807491333,,0.0023924315103869276,-0.05662050642371241,-0.054228074913325486
uk_1,100,98.57433311034539,98.57282311757427,,0.001509992771119073,1.4256668896546074,1.4271768824257265
uk_1,100,99.0640676501242,99.0630833280091,,0.0009843221151015769,0.9359323498757988,0.9369166719909003
uk_1,100,98.79628485021638,98.7958586856599,,0.0004261645564866967,1.2037151497836192,1.2041413143401059
uk_1,100,97.18820676969872,97.18819739606471,,9.37363401476432e-06,2.8117932303012765,2.8118026039352912
uk_1,100,101.04092139508685,101.0407255578899,,0.00019583719695503987,-1.0409213950868548,-1.0407255578898997
uk_1,100,98.48814176667193,98.48813437574535,,7.390926583639157e-06,1.51185823332807,1.5118656242546535
uk_1,100,99.37344748873141,99.37342249448874,,2.4994242679099443e-05,0.626552511268585,0.6265775055112641
uk_1,100,99.63340275540014,99.63339897976051,,3.7756396267241144e-06,0.3665972445998591,0.3666010202394858
uk_1,100,98.69694014240228,98.69697023120098,,-3.0088798695260266e-05,1.3030598575977166,1.3030297687990213
uk_1,100,100.86979754587726,100.86979449655259,,3.049324675430398e-06,-0.8697975458772618,-0.8697944965525863
uk_1,100,99.99130996015668,99.99132218373707,,-1.222358038432958e-05,0.008690039843315844,0.008677816262931515
uk_1,100,97.59193135079974,97.59196475215695,,-3.340135721430215e-05,2.40806864920026,2.4080352478430456
uk_1,100,97.84949764340782,97.84952205359819,,-2.441019037746628e-05,2.1505023565921846,2.150477946401807
uk_1,100,97.22416060507746,97.22418625917787,,-2.5654100411998115e-05,2.775839394922542,2.77581374082213
uk_1,100,98.77895433441932,98.77896883756029,,-1.4503140960187011e-05,1.2210456655806752,1.221031162439715
uk_1,100,99.66982558755134,99.6698380594325,,-1.247188114916753e-05,0.3301744124486561,0.3301619405675069
uk_1,100,97.3783396690232,97.37835501910804,,-1.5350084836995848e-05,2.6216603309767947,2.6216449808919577
uk_1,100,97.17839782020809,97.17841031404741,,-1.2493839321336964e-05,2.8216021797919097,2.8215896859525884
uk_1,100,100.02248600009379,100.02249275505382,,-6.754960026000845e-06,-0.022486000093792313,-0.022492755053818314
uk_1,100,97.96443718554983,97.96444514320875,,-7.957658922919109e-06,2.0355628144501736,2.0355548567912507
uk_1,100,97.62539719842978,97.62540502859365,,-7.830163866628936e-06,2.3746028015702194,2.374594971406353
uk_1,100,97.9170190985549,97.91702626071925,,-7.162164351370848e-06,2.0829809014450973,2.082973739280746
uk_1,100,100.11663024453944,100.11663576221225,,-5.517672818200481e-06,-0.11663024453943649,-0.11663576221225469
uk_1,100,97.74120462195388,97.74121022222297,,-5.600269091132759e-06,2.2587953780461163,2.258789777777025
uk_1,100,99.24822746321206,99.24823208405998,,-4.620847917635729e-06,0.7517725367879393,0.7517679159400217
uk_1,100,100.38482389474144,100.38482784185928,,-3.947117832581171e-06,-0.3848238947414444,-0.384827841859277
uk_1,100,97.51497376500234,97.51497760955841,,-3.844556076160188e-06,2.4850262349976617,2.4850223904415856
uk_1,100,98.18513634715097,98.18513981159764,,-3.4644466637701044e-06,1.8148636528490272,1.8148601884023634
uk_1,100,97.36825196460532,97.36825508121264,,-3.11660731711072e-06,2.631748035394679,2.631744918787362
uk_1,100,100.02784246538658,100.0278451069589,,-2.641572322659158e-06,-0.02784246538658408,-0.02784510695890674
uk_1,100,97.3731866384291,97.3731889161362,,-2.2777070967094915e-06,2.626813361570896,2.6268110838637995
uk_1,100,99.47222201741324,99.47222404570833,,-2.028295085665377e-06,0.5277779825867555,0.5277759542916698
uk_1,100,100.22055390672114,100.2205556995597,,-1.7928385602772323e-06,-0.22055390672113617,-0.22055569955969645
uk_1,100,97.34364192588089,97.34364349497731,,-1.569096426123906e-06,2.6563580741191117,2.6563565050226856
uk_1,100,98.19642815945706,98.19642965613238,,-1.4966753241196784e-06,1.8035718405429435,1.8035703438676194
uk_1,100,97.68863596409376,97.68863726010828,,-1.296014517038202e-06,2.3113640359062373,2.3113627398917203
uk_1,100,97.46484739621947,97.46484855083743,,-1.154617962129123e-06,2.5351526037805314,2.5351514491625693
uk_2,300,300.0,300.0,,0.0,0.0,0.0
uk_2,300,299.8686610129613,299.8686610129613,,0.0,0.13133898703870273,0.13133898703870273
uk_2,300,299.4120510374937,299.4120510374937,,0.0,0.5879489625062888,0.5879489625062888
uk_2,300,300.9295858808354,300.9295858808354,,0.0,-0.9295858808354183,-0.9295858808354183
uk_2,300,301.65523984274154,301.65523984274154,,0.0,-1.655239842741537,-1.655239842741537
uk_2,300,299.6794054944431,299.6794054944431,,0.0,0.3205945055569259,0.3205945055569259
uk_2,300,297.54456396608896,297.54456396608896,,0.0,2.4554360339110417,2.4554360339110417
uk_2,300,300.1279596711592,300.1279596711592,,0.0,-0.12795967115920348,-0.12795967115920348
uk_2,300,302.4058209785432,302.4058209785432,,0.0,-2.405820978543204,-2.405820978543204
uk_2,300,294.21266599681826,294.21266599681826,,0.0,5.787334003181741,5.787334003181741
uk_2,300,301.275147086818,301.275147086818,,0.0,-1.2751470868179808,-1.2751470868179808
uk_2,300,301.09556900443584,301.09556900443584,,0.0,-1.0955690044358448,-1.0955690044358448
uk_2,300,301.2948572378407,301.2948572378407,,0.0,-1.294857237840688,-1.294857237840688
uk_2,300,300.3592874148131,300.3592874148131,,0.0,-0.3592874148130818,-0.3592874148130818
uk_2,300,303.7758633516894,303.7758633516894,,0.0,-3.775863351689395,-3.775863351689395
uk_2,300,299.41912402392313,299.41912402392313,,0.0,0.580875976076868,0.580875976076868
uk_2,300,299.31687160123806,299.31687160123806,,0.0,0.6831283987619372,0.6831283987619372
uk_2,300,293.2324057036862,293.2324057036862,,0.0,6.767594296313803,6.767594296313803
uk_2,300,300.79626334460704,300.79626334460704,,0.0,-0.7962633446070413,-0.7962633446070413
uk_2,300,303.45471676712435,303.45471676712435,,0.0,-3.454716767124353,-3.454716767124353
uk_2,300,298.9979463949644,298.9979463949644,,0.0,1.0020536050355986,1.0020536050355986
uk_2,300,303.96728182733983,303.96728182733983,,0.0,-3.967281827339832,-3.967281827339832
uk_2,300,295.3359157670342,295.3359157670342,,0.0,4.66408423296582,4.66408423296582
uk_2,300,305.56185785984775,305.56185785984775,,0.0,-5.561857859847748,-5.561857859847748
uk_2,300,293.72790823265694,293.72790823265694,,0.0,6.272091767343056,6.272091767343056
uk_2,300,302.81973256236427,302.81973256236427,,0.0,-2.8197325623642655,-2.8197325623642655
uk_2,300,301.9185570801668,301.9185570801668,,0.0,-1.9185570801668064,-1.9185570801668064
uk_2,300,296.4396414595479,296.4396414595479,,0.0,3.560358540452114,3.560358540452114
uk_2,300,301.26896200350814,301.26896200350814,,0.0,-1.2689620035081361,-1.2689620035081361
uk_2,300,298.24731394906723,298.24731394906723,,0.0,1.7526860509327662,1.7526860509327662
uk_2,300,298.78864346529,298.78864346529,,0.0,1.211356534709978,1.211356534709978
uk_2,300,298.7851224650895,298.7851224650895,,0.0,1.2148775349104994,1.2148775349104994
uk_2,300,300.9933101191451,300.9933101191451,,0.0,-0.9933101191451215,-0.9933101191451215
uk_2,300,299.936018370398,299.936018370398,,0.0,0.06398162960198306,0.06398162960198306
uk_2,300,295.2992245804335,295.2992245804335,,0.0,4.700775419566526,4.700775419566526
uk_2,300,304.31383158036357,304.31383158036357,,0.0,-4.313831580363569,-4.313831580363569
uk_2,300,300.004788617216,300.004788617216,,0.0,-0.0047886172159792295,-0.0047886172159792295
uk_2,300,294.9160753719828,294.9160753719828,,0.0,5.083924628017201,5.083924628017201
uk_2,300,301.8832437476592,301.8832437476592,,0.0,-1.8832437476592077,-1.8832437476592077
uk_2,300,295.9503196164472,295.9503196164472,,0.0,4.049680383552811,4.049680383552811
uk_2,300,302.8745815683076,302.8745815683076,,0.0,-2.874581568307576,-2.874581568307576
uk_2,300,299.8771354574938,299.8771354574938,,0.0,0.12286454250619272,0.12286454250619272
uk_2,300,300.032791930429,300.032791930429,,0.0,-0.032791930429027616,-0.032791930429027616
uk_2,300,295.2181842630698,295.2181842630698,,0.0,4.781815736930184,4.781815736930184
uk_2,300,295.36599343038466,295.36599343038466,,0.0,4.634006569615337,4.634006569615337
uk_2,300,300.88721380618944,300.88721380618944,,0.0,-0.8872138061894361,-0.8872138061894361
uk_2,300,297.8639280401634,297.8639280401634,,0.0,2.136071959836613,2.136071959836613
uk_2,300,300.99373861954837,300.99373861954837,,0.0,-0.9937386195483668,-0.9937386195483668
uk_2,300,299.2551388706178,299.2551388706178,,0.0,0.7448611293821727,0.7448611293821727
uk_2,300,296.2545273510918,296.2545273510918,,0.0,3.745472648908219,3.745472648908219
uk_2,300,297.4834650059121,297.4834650059121,,0.0,2.5165349940879196,2.5165349940879196
uk_2,300,301.9906459746588,301.9906459746588,,0.0,-1.9906459746587757,-1.9906459746587757
uk_2,300,305.7418216273444,305.7418216273444,,0.0,-5.741821627344393,-5.741821627344393
uk_2,300,290.0,290.29999716099996,,-0.29999716099996476,10.0,9.700002839000035
uk_2,300,300.2561171560559,299.93904478908166,,0.31707236697423014,-0.25611715605589325,0.06095521091833689
uk_2,300,296.1905750264076,296.0353893524708,,0.15518567393678495,3.8094249735923995,3.9646106475291845
uk_2,300,297.8872885893863,297.8451550393462,,0.04213355004009145,2.112711410613713,2.1548449606538043
uk_2,300,301.34638627486635,301.34356679622715,,0.0028194786391964044,-1.3463862748663473,-1.343566796227151
uk_2,300,296.79991122411354,296.8115047049097,,-0.011593480796136646,3.2000887758864565,3.18849529509032
uk_2,300,301.3198420569419,301.3300209230472,,-0.01017886610526375,-1.3198420569419227,-1.3300209230471864
uk_2,300,296.65400933233667,296.66140314079075,,-0.007393808454082773,3.3459906676633295,3.3385968592092468
uk_2,300,296.2733321968518,296.2768727658599,,-0.003540569008066541,3.726667803148189,3.7231272341401223
uk_2,300,300.59522649505146,300.59667155846404,,-0.0014450634125751094,-0.5952264950514632,-0.5966715584640383
uk_2,300,297.7883005268063,297.7888223144662,,-0.0005217876598635485,2.2116994731936757,2.211177685533812
uk_2,300,296.84538788411425,296.84539993670836,,-1.20525941156302e-05,3.1546121158857545,3.154600063291639
uk_2,300,302.1842347293342,302.1840877467955,,0.0001469825386948287,-2.1842347293342073,-2.1840877467955124
uk_2,300,291.32772660608265,291.3277205473063,,6.058776364170626e-06,8.67227339391735,8.672279452693715
uk_2,300,302.9899776313309,302.9899110177072,,6.661362368731716e-05,-2.9899776313308735,-2.989911017707186
uk_2,300,299.2837899235451,299.2837508990689,,3.902447622294858e-05,0.7162100764548995,0.7162491009311225
uk_2,300,297.6887312243202,297.68870124043303,,2.9983887145590415e-05,2.311268775679821,2.3112987595669665
uk_2,300,298.7172135263747,298.7171844935695,,2.9032805173301313e-05,1.2827864736253218,1.2828155064304951
uk_2,300,295.31405022098875,295.31404854871005,,1.6722786995160277e-06,4.685949779011253,4.685951451289952
uk_2,300,297.858720488554,297.8587130739563,,7.414597689603397e-06,2.141279511445987,2.1412869260436764
uk_2,300,301.6518112007414,301.65179712491056,,1.40758308475597e-05,-1.651811200741406,-1.6517971249105585
uk_2,300,298.2014180671733,298.20141363386995,,4.433303331552452e-06,1.7985819328267212,1.7985863661300527
uk_2,300,300.80204811124065,300.8020448705631,,3.240677528992819e-06,-0.8020481112406515,-0.8020448705631225
uk_2,300,296.9603981916623,296.9604009777214,,-2.7860590989803313e-06,3.039601808337693,3.039599022278594
uk_2,300,291.7489579355583,291.74895985846325,,-1.9229049712521373e-06,8.25104206444172,8.251040141536748
uk_2,300,303.2983122589523,303.29831168269766,,5.762546493315313e-07,-3.2983122589523077,-3.2983116826976584
uk_2,300,301.29096598313856,301.2909658421261,,1.4101243550612708e-07,-1.2909659831385625,-1.290965842126127
uk_2,300,293.4612277366235,293.4612298764107,,-2.1397871705630678e-06,6.538772263376472,6.538770123589302
uk_2,300,302.5301954430489,302.5301959512904,,-5.082414986645745e-07,-2.5301954430489104,-2.530195951290409
uk_2,300,299.6709055205711,299.67090501517345,,5.053976792623871e-07,0.3290944794288748,0.3290949848265541
uk_2,300,299.47214067629596,299.47214054941554,,1.26880422612885e-07,0.5278593237040354,0.527859450584458
uk_2,300,294.21850084501403,294.2185013491578,,-5.041437702857365e-07,5.781499154985966,5.781498650842195
uk_2,300,301.247067838442,301.24706791844756,,-8.000557727427804e-08,-1.2470678384419784,-1.2470679184475557
uk_2,300,296.87518318112825,296.87518330190966,,-1.2078140798621462e-07,3.12481681887175,3.124816698090342
uk_2,300,295.2382882222793,295.238288507356,,-2.850766804840532e-07,4.761711777720677,4.761711492643997
uk_2,300,302.2783805990402,302.2783806091421,,-1.0101928182848496e-08,-2.27838059904019,-2.2783806091421184
uk_2,300,298.1139221667821,298.1139220710078,,9.577433957019821e-08,1.8860778332178825,1.886077928992222
uk_2,300,301.01085450974864,301.01085453969193,,-2.9943294066470116e-08,-1.0108545097486399,-1.010854539691934
uk_2,300,293.34200754297177,293.34200767308363,,-1.3011185728828423e-07,6.657992457028229,6.657992326916371
uk_2,300,302.6168097692529,302.6168099403388,,-1.7108590100178844e-07,-2.616809769252882,-2.616809940338783
uk_2,300,296.9163208249284,296.91632085508155,,-3.015315996890422e-08,3.083679175071609,3.083679144918449
uk_2,300,295.49631710617314,295.49631720848834,,-1.0231519809167366e-07,4.503682893826863,4.503682791511665
uk_2,300,303.34266851449564,303.3426685769044,,-6.240873062779428e-08,-3.3426685144956423,-3.342668576904373
uk_2,300,297.019373190066,297.0193731377427,,5.232328703641542e-08,2.9806268099339945,2.9806268622572816
uk_2,300,300.0103591495332,300.01035920267543,,-5.3142230171943083e-08,-0.010359149533201162,-0.010359202675431334
uk_2,300,300.0135101324448,300.0135101645729,,-3.212807087038527e-08,-0.013510132444821465,-0.013510164572892336
t1,7200000000.0,7200000000.0,7200000000.0,,0.0,0.0,0.0
t1,7200000000.0,7200000000.0,7200000000.0,,0.0,0.0,0.0
t1,7200000000.0,7229466827.174704,7229466827.174704,,0.0,-29466827.174703598,-29466827.174703598
t1,7200000000.0,7162714174.628264,7162714174.628264,,0.0,37285825.37173557,37285825.37173557
t1,7200000000.0,7107361910.99228,7107361910.99228,,0.0,92638089.00772,92638089.00772
t1,7200000000.0,7170506952.534247,7170506952.534247,,0.0,29493047.4657526,29493047.4657526
t1,7200000000.0,7284360342.4290495,7284360342.4290495,,0.0,-84360342.42904949,-84360342.42904949
t1,7200000000.0,7211992311.967315,7211992311.967315,,0.0,-11992311.96731472,-11992311.96731472
t1,7200000000.0,7097425041.447424,7097425041.447424,,0.0,102574958.55257607,102574958.55257607
t1,7200000000.0,7467126186.716182,7467126186.716182,,0.0,-267126186.71618176,-267126186.71618176
t1,7200000000.0,7256659844.287114,7256659844.287114,,0.0,-56659844.28711414,-56659844.28711414
t1,7200000000.0,7235109177.22982,7235109177.22982,,0.0,-35109177.22982025,-35109177.22982025
t1,7200000000.0,7189281705.029251,7189281705.029251,,0.0,10718294.970748901,10718294.970748901
t1,7200000000.0,7195949561.470714,7195949561.470714,,0.0,4050438.5292863846,4050438.5292863846
t1,7200000000.0,7000188489.874778,7000188489.874778,,0.0,199811510.1252222,199811510.1252222
t1,7200000000.0,7121217792.953964,7121217792.953964,,0.0,78782207.04603577,78782207.04603577
t1,7200000000.0,7119971403.159081,7119971403.159081,,0.0,80028596.84091854,80028596.84091854
t1,7200000000.0,7436152399.163187,7436152399.163187,,0.0,-236152399.16318703,-236152399.16318703
t1,7200000000.0,7225307182.922217,7225307182.922217,,0.0,-25307182.92221737,-25307182.92221737
t1,7200000000.0,7068527678.854006,7068527678.854006,,0.0,131472321.14599419,131472321.14599419
t1,7200000000.0,7213791032.24066,7213791032.24066,,0.0,-13791032.240659714,-13791032.240659714
t1,7200000000.0,6974017239.85944,6974017239.85944,,0.0,225982760.14056015,225982760.14056015
t1,7200000000.0,7323194688.763205,7323194688.763205,,0.0,-123194688.76320457,-123194688.76320457
t1,7200000000.0,6925945446.316295,6925945446.316295,,0.0,274054553.68370533,274054553.68370533
t1,7200000000.0,7412980111.947689,7412980111.947689,,0.0,-212980111.94768906,-212980111.94768906
t1,7218000000.0,7112350485.098292,7112350485.098292,,0.0,105649514.90170765,105649514.90170765
t1,7236000000.0,7094168676.523341,7094168676.523341,,0.0,141831323.47665882,141831323.47665882
t1,7254000000.0,7320492498.515137,7320492498.515137,,0.0,-66492498.51513672,-66492498.51513672
t1,7272000000.0,7167399498.908419,7167399498.908419,,0.0,104600501.09158134,104600501.09158134
t1,7290000000.0,7304701983.605344,7304701983.605344,,0.0,-14701983.605343819,-14701983.605343819
t1,7308000000.0,7318583440.403437,7318583440.403437,,0.0,-10583440.40343666,-10583440.40343666
t1,7326000000.0,7354559330.439526,7354559330.439526,,0.0,-28559330.439525604,-28559330.439525604
t1,7344000000.0,7267377641.462419,7267377641.462419,,0.0,76622358.53758144,76622358.53758144
t1,7362000000.0,7295609001.960384,7295609001.960384,,0.0,66390998.03961563,66390998.03961563
t1,7380000000.0,7529231409.970815,7529231409.970815,,0.0,-149231409.9708147,-149231409.9708147
t1,7398000000.0,7165727812.058754,7165727812.058754,,0.0,232272187.94124603,232272187.94124603
t1,7416000000.0,7277282164.101145,7277282164.101145,,0.0,138717835.8988552,138717835.8988552
t1,7434000000.0,7522589048.232242,7522589048.232242,,0.0,-88589048.23224163,-88589048.23224163
t1,7452000000.0,7279991285.812828,7279991285.812828,,0.0,172008714.18717194,172008714.18717194
t1,7470000000.0,7543635997.80104,7543635997.80104,,0.0,-73635997.8010397,-73635997.8010397
t1,7488000000.0,7272003822.691868,7272003822.691868,,0.0,215996177.30813217,215996177.30813217
t1,7506000000.0,7343521264.836606,7343521264.836606,,0.0,162478735.16339397,162478735.16339397
t1,7524000000.0,7322272124.371418,7322272124.371418,,0.0,201727875.628582,201727875.628582
t1,7542000000.0,7573449084.231746,7573449084.231746,,0.0,-31449084.23174572,-31449084.23174572
t1,7560000000.0,7685557606.4536,7685557606.4536,,0.0,-125557606.45359993,-125557606.45359993
t1,7578000000.0,7508141730.405047,7508141730.405047,,0.0,69858269.59495258,69858269.59495258
t1,7596000000.0,7640161387.174027,7640161387.174027,,0.0,-44161387.17402744,-44161387.17402744
t1,7614000000.0,7501950596.313931,7501950596.313931,,0.0,112049403.68606853,112049403.68606853
t1,7632000000.0,7549191272.830948,7549191272.830948,,0.0,82808727.16905212,82808727.16905212
t1,7650000000.0,7713260346.118493,7713260346.118493,,0.0,-63260346.11849308,-63260346.11849308
t1,7668000000.0,7720687927.268269,7720687927.268269,,0.0,-52687927.268268585,-52687927.268268585
t1,7686000000.0,7521900218.221768,7521900218.221768,,0.0,164099781.77823162,164099781.77823162
t1,7704000000.0,7233366896.660573,7233366896.660573,,0.0,470633103.339427,470633103.339427
t1,7722000000.0,8008000772.138826,8008000772.138826,,0.0,-286000772.1388264,-286000772.1388264
t1,7740000000.0,7614214125.110359,7613174767.567601,,1039357.542757988,125785874.88964081,126825232.4323988
t1,7758000000.0,7847568986.922028,7847474871.767314,,94115.15471363068,-89568986.92202759,-89474871.76731396
t1,7776000000.0,7846976467.639216,7846809191.852356,,167275.786860466,-70976467.63921642,-70809191.85235596
t1,7794000000.0,7688489151.360198,7688525542.842728,,-36391.4825296402,105510848.63980198,105474457.15727234
t1,7812000000.0,7897522130.470141,7897525572.072007,,-3441.6018657684326,-85522130.47014141,-85525572.07200718
t1,7830000000.0,7692383416.307075,7692363841.523892,,19574.783182144165,137616583.69292545,137636158.4761076
t1,7848000000.0,7883515724.480313,7883503217.37455,,12507.105763435364,-35515724.4803133,-35503217.374549866
t1,7866000000.0,7956193124.060237,7956197371.449898,,-4247.389660835266,-90193124.06023693,-90197371.44989777
t1,7884000000.0,7785077140.469865,7785074341.353811,,2799.116053581238,98922859.53013515,98925658.64618874
t1,7902000000.0,7899502111.24268,7899496770.046367,,5341.196312904358,2497888.757320404,2503229.9536333084
t1,7920000000.0,7974083118.629928,7974079851.449194,,3267.180733680725,-54083118.629927635,-54079851.449193954
t1,7938000000.0,7710700933.516418,7710701709.07015,,-775.553731918335,227299066.48358154,227298290.92984962
t1,7938000000.0,8227594434.421033,8227587699.478923,,6734.9421100616455,-289594434.4210329,-289587699.47892284
t1,7938000000.0,7780181584.401554,7780177212.458145,,4371.943408966064,157818415.5984459,157822787.54185486
t1,7938000000.0,7897482696.133529,7897477691.4292755,,5004.704253196716,40517303.86647129,40522308.57072449
t1,7938000000.0,7984074946.176495,7984069818.423523,,5127.75297164917,-46074946.1764946,-46069818.42352295
t1,7938000000.0,7957581391.103858,7957577052.924907,,4338.178951263428,-19581391.103857994,-19577052.92490673
t1,7938000000.0,8153054478.619508,8153049419.11786,,5059.501647949219,-215054478.6195078,-215049419.11785984
t1,7938000000.0,8114532859.96994,8114528271.495388,,4588.474552154541,-176532859.9699402,-176528271.49538803
t1,7938000000.0,7921799120.810789,7921795604.90456,,3515.906229019165,16200879.189210892,16204395.09543991
t1,7938000000.0,8034530593.513075,8034527350.7603445,,3242.752730369568,-96530593.51307487,-96527350.7603445
t1,7938000000.0,7876678275.952612,7876675609.3073,,2666.645312309265,61321724.04738808,61324390.692700386
t1,7938000000.0,8025201281.679653,8025198722.048753,,2559.6309003829956,-87201281.67965317,-87198722.04875278
t1,7938000000.0,8349829678.372323,8349827270.568529,,2407.8037939071655,-411829678.37232304,-411827270.5685291
t1,7938000000.0,7866361127.405002,7866359208.401472,,1919.003529548645,71638872.59499836,71640791.59852791
t1,7938000000.0,7854714252.545006,7854712607.931372,,1644.613634109497,83285747.4549942,83287392.06862831
t1,7938000000.0,8221597078.770239,8221595440.089923,,1638.6803159713745,-283597078.7702389,-283595440.0899229
t1,7938000000.0,7843185339.865298,7843183958.957261,,1380.908037185669,94814660.13470173,94816041.04273891
t1,7938000000.0,7908573385.438402,7908572188.77146,,1196.6669425964355,29426614.561597824,29427811.22854042
t1,7938000000.0,7877602101.287874,7877601045.611611,,1055.6762628555298,60397898.71212578,60398954.388388634
t1,7938000000.0,8145105511.219901,8145104514.179977,,997.0399236679077,-207105511.21990108,-207104514.17997742
t1,7938000000.0,7866002922.621003,7866002077.301845,,845.3191585540771,71997077.37899685,71997922.6981554
t1,7938000000.0,8045493555.818565,8045492790.391557,,765.4270086288452,-107493555.81856537,-107492790.39155674
t1,7938000000.0,8186864443.841776,8186863737.680551,,706.1612253189087,-248864443.8417759,-248863737.68055058
t1,7938000000.0,7877751016.242682,7877750421.376647,,594.8660354614258,60248983.75731754,60249578.623353004
t1,7938000000.0,8018923151.624445,8018922624.77015,,526.8542947769165,-80923151.62444496,-80922624.77015018
t1,7938000000.0,7851752339.355595,7851751883.216857,,456.13873767852783,86247660.64440536,86248116.78314304
t1,7938000000.0,8217277511.956136,8217277086.08098,,425.8751554489136,-279277511.95613575,-279277086.0809803
t1,7938000000.0,7829627204.556068,7829626841.074963,,363.48110580444336,108372795.44393158,108373158.92503738
t1,7938000000.0,8053874986.662914,8053874660.909859,,325.75305557250977,-115874986.66291428,-115874660.9098587
t1,7938000000.0,8184746329.92374,8184746031.739614,,298.18412685394287,-246746329.9237404,-246746031.73961353
t1,7938000000.0,7818904656.39821,7818904404.553359,,251.84485054016113,119095343.60179043,119095595.44664097
t1,7938000000.0,8062032498.691594,8062032274.582303,,224.10929107666016,-124032498.69159412,-124032274.58230305
t1,7938000000.0,7916688193.021493,7916687995.665731,,197.35576152801514,21311806.978507042,21312004.33426857
t1,7938000000.0,7865913881.773124,7865913709.926486,,171.84663772583008,72086118.22687626,72086290.07351398
t1,7938000000.0,8310078295.519209,8310078134.06378,,161.45542907714844,-372078295.5192089,-372078134.06377983
t2,-50000.0,-50000.0,-50000.0,,0.0,0.0,0.0
t2,-50000.0,-50000.0,-50000.0,,0.0,0.0,0.0
t2,-50000.0,-50000.000000049804,-50000.000000049804,,0.0,4.980392986908555e-08,4.980392986908555e-08
t2,-50000.0,-49999.9999999239,-49999.9999999239,,0.0,-7.609924068674445e-08,-7.609924068674445e-08
t2,-50000.0,-49999.99999982241,-49999.99999982241,,0.0,-1.7759157344698906e-07,-1.7759157344698906e-07
t2,-50000.0,-49999.999999950225,-49999.999999950225,,0.0,-4.9774826038628817e-08,-4.9774826038628817e-08
t2,-50000.0,-50000.000000210974,-50000.000000210974,,0.0,2.1097366698086262e-07,2.1097366698086262e-07
t2,-50000.0,-49999.99999999814,-49999.99999999814,,0.0,-1.862645149230957e-09,-1.862645149230957e-09
t2,-50000.0,-49999.999999745545,-49999.999999745545,,0.0,-2.5445478968322277e-07,-2.5445478968322277e-07
t2,-50000.0,-50000.000000485714,-50000.000000485714,,0.0,4.857138264924288e-07,4.857138264924288e-07
t2,-50000.0,-49999.99999991655,-49999.99999991655,,0.0,-8.344795787706971e-08,-8.344795787706971e-08
t2,-50000.0,-49999.99999989129,-49999.99999989129,,0.0,-1.0871008271351457e-07,-1.0871008271351457e-07
t2,-50000.0,-49999.999999813874,-49999.999999813874,,0.0,-1.8612627172842622e-07,-1.8612627172842622e-07
t2,-50000.0,-49999.999999834195,-49999.999999834195,,0.0,-1.658045221120119e-07,-1.658045221120119e-07
t2,-50000.0,-49999.99999939432,-49999.99999939432,,0.0,-6.056798156350851e-07,-6.056798156350851e-07
t2,-50000.0,-49999.99999997459,-49999.99999997459,,0.0,-2.5407643988728523e-08,-2.5407643988728523e-08
t2,-50000.0,-49999.99999997282,-49999.99999997282,,0.0,-2.718297764658928e-08,-2.718297764658928e-08
t2,-50000.0,-50000.00000107243,-50000.00000107243,,0.0,1.0724324965849519e-06,1.0724324965849519e-06
t2,-50000.0,-50000.00000025939,-50000.00000025939,,0.0,2.5938788894563913e-07,2.5938788894563913e-07
t2,-50000.0,-49999.99999986149,-49999.99999986149,,0.0,-1.3851240510120988e-07,-1.3851240510120988e-07
t2,-50000.0,-50000.00000029811,-50000.00000029811,,0.0,2.981105353683233e-07,2.981105353683233e-07
t2,-50000.0,-49999.99999949616,-49999.99999949616,,0.0,-5.038382369093597e-07,-5.038382369093597e-07
t2,-50000.0,-49999.999999966276,-49999.999999966276,,0.0,-3.372406354174018e-08,-3.372406354174018e-08
t2,-50000.0,-49999.999998404026,-49999.999998404026,,0.0,-1.5959740267135203e-06,-1.5959740267135203e-06
t2,-50000.0,-49999.99999927183,-49999.99999927183,,0.0,-7.281705620698631e-07,-7.281705620698631e-07
t2,-50000.0,-49999.99999775555,-49999.99999775555,,0.0,-2.2444510250352323e-06,-2.2444510250352323e-06
t2,-50000.0,-49999.999998104504,-49999.999998104504,,0.0,-1.8954960978589952e-06,-1.8954960978589952e-06
t2,-50000.0,-49999.999998428175,-49999.999998428175,,0.0,-1.5718251233920455e-06,-1.5718251233920455e-06
t2,-50000.0,-49999.99999738906,-49999.99999738906,,0.0,-2.6109410100616515e-06,-2.6109410100616515e-06
t2,-50000.0,-49999.99999818438,-49999.99999818438,,0.0,-1.8156206351704895e-06,-1.8156206351704895e-06
t2,-50000.0,-49999.99999788216,-49999.99999788216,,0.0,-2.1178420865908265e-06,-2.1178420865908265e-06
t2,-50000.0,-49999.99999818049,-49999.99999818049,,0.0,-1.8195132724940777e-06,-1.8195132724940777e-06
t2,-50000.0,-49999.99999773766,-49999.99999773766,,0.0,-2.2623426048085093e-06,-2.2623426048085093e-06
t2,-50000.0,-49999.99999802407,-49999.99999802407,,0.0,-1.975931809283793e-06,-1.975931809283793e-06
t2,-50000.0,-49999.999999134285,-49999.999999134285,,0.0,-8.657152648083866e-07,-8.657152648083866e-07
t2,-50000.0,-49999.999997511266,-49999.999997511266,,0.0,-2.4887340259738266e-06,-2.4887340259738266e-06
t2,-50000.0,-49999.999997935134,-49999.999997935134,,0.0,-2.064865839201957e-06,-2.064865839201957e-06
t2,-50000.0,-49999.99999897327,-49999.99999897327,,0.0,-1.0267322068102658e-06,-1.0267322068102658e-06
t2,-50000.0,-49999.9999976863,-49999.9999976863,,0.0,-2.31370358960703e-06,-2.31370358960703e-06
t2,-50000.0,-49999.99999827173,-49999.99999827173,,0.0,-1.7282727640122175e-06,-1.7282727640122175e-06
t2,-50000.0,-49999.99999751867,-49999.99999751867,,0.0,-2.481327101122588e-06,-2.481327101122588e-06
t2,-50000.0,-49999.99999774601,-49999.99999774601,,0.0,-2.2539898054674268e-06,-2.2539898054674268e-06
t2,-50000.0,-49999.99999682633,-49999.99999682633,,0.0,-3.173670847900212e-06,-3.173670847900212e-06
t2,-50000.0,-49999.99999782611,-49999.99999782611,,0.0,-2.1738887880928814e-06,-2.1738887880928814e-06
t2,-50000.0,-49999.9999983482,-49999.9999983482,,0.0,-1.6518024494871497e-06,-1.6518024494871497e-06
t2,-50000.0,-49999.99999760193,-49999.99999760193,,0.0,-2.398068318143487e-06,-2.398068318143487e-06
t2,-50000.0,-49999.99999834762,-49999.99999834762,,0.0,-1.6523772501386702e-06,-1.6523772501386702e-06
t2,-50000.0,-49999.99999788479,-49999.99999788479,,0.0,-2.115208189934492e-06,-2.115208189934492e-06
t2,-50000.0,-49999.99999728174,-49999.99999728174,,0.0,-2.718261384870857e-06,-2.718261384870857e-06
t2,-50000.0,-49999.99999885075,-49999.99999885075,,0.0,-1.1492520570755005e-06,-1.1492520570755005e-06
t2,-50000.0,-49999.999998327345,-49999.999998327345,,0.0,-1.6726553440093994e-06,-1.6726553440093994e-06
t2,-50000.0,-49999.99999760183,-49999.99999760183,,0.0,-2.3981701815500855e-06,-2.3981701815500855e-06
t2,-50000.0,-49999.99999633268,-49999.99999633268,,0.0,-3.6673227441497147e-06,-3.6673227441497147e-06
t2,-50000.0,-49999.999994813625,-49999.999994813625,,0.0,-5.186375346966088e-06,-5.186375346966088e-06
t2,-50000.0,-49999.99998956476,-49999.99998954934,,-1.5425030142068863e-08,-1.0435236617922783e-05,-1.0450661648064852e-05
t2,-50000.0,-49999.999989787066,-49999.99998977266,,-1.4406396076083183e-08,-1.0212934284936637e-05,-1.022734068101272e-05
t2,-50000.0,-49999.99999011528,-49999.99999010084,,-1.4435499906539917e-08,-9.884723112918437e-06,-9.899158612824976e-06
t2,-50000.0,-49999.99998760361,-49999.99998758785,,-1.57597241923213e-08,-1.239639095729217e-05,-1.241215068148449e-05
t2,-50000.0,-49999.99998912468,-49999.99998910756,,-1.71203282661736e-08,-1.0875322914216667e-05,-1.0892443242482841e-05
t2,-50000.0,-49999.99998813998,-49999.999988125055,,-1.4922989066690207e-08,-1.1860021913889796e-05,-1.1874944902956486e-05
t2,-50000.0,-49999.999988879455,-49999.99998886279,,-1.6661942936480045e-08,-1.1120544513687491e-05,-1.1137206456623971e-05
t2,-50000.0,-49999.99998869703,-49999.99998868001,,-1.7025740817189217e-08,-1.1302967322990298e-05,-1.1319993063807487e-05
t2,-50000.0,-49999.999987459574,-49999.99998744298,,-1.6596459317952394e-08,-1.2540425814222544e-05,-1.2557022273540497e-05
t2,-50000.0,-49999.99998766815,-49999.99998765128,,-1.686566974967718e-08,-1.2331853213254362e-05,-1.234871888300404e-05
t2,-50000.0,-49999.99998917435,-49999.9999891575,,-1.6851117834448814e-08,-1.0825649951584637e-05,-1.0842501069419086e-05
t2,-50000.0,-49999.99998785255,-49999.999987835996,,-1.6552803572267294e-08,-1.2147451343480498e-05,-1.2164004147052765e-05
t2,-50000.0,-49999.99998818579,-49999.999988168696,,-1.7091224435716867e-08,-1.1814212484750897e-05,-1.1831303709186614e-05
t2,-50000.0,-49999.999981937915,-49999.999981921086,,-1.6829289961606264e-08,-1.806208456400782e-05,-1.8078913853969425e-05
t2,-50000.0,-49999.99998020386,-49999.999980186774,,-1.7083948478102684e-08,-1.9796141714323312e-05,-1.9813225662801415e-05
t2,-50000.0,-49999.99997976814,-49999.99997975092,,-1.7214915715157986e-08,-2.0231862436048687e-05,-2.0249077351763844e-05
t2,-50000.0,-49999.99997993064,-49999.99997991345,,-1.7185811884701252e-08,-2.0069361198693514e-05,-2.0086547010578215e-05
t2,-50000.0,-49999.99997843644,-49999.999978419015,,-1.7425918485969305e-08,-2.1563559130299836e-05,-2.1580985048785806e-05
t2,-50000.0,-49999.99997707606,-49999.99997705861,,-1.745502231642604e-08,-2.2923937649466097e-05,-2.2941392671782523e-05
t2,-50000.0,-49999.99997644777,-49999.99997643041,,-1.7360434867441654e-08,-2.3552231141366065e-05,-2.3569591576233506e-05
t2,-50000.0,-49999.99997716449,-49999.99997714708,,-1.7404090613126755e-08,-2.2835512936580926e-05,-2.2852917027194053e-05
t2,-50000.0,-49999.99997639377,-49999.99997637641,,-1.735315890982747e-08,-2.3606233298778534e-05,-2.362358645768836e-05
t2,-50000.0,-49999.99997625349,-49999.99997623607,,-1.7425918485969305e-08,-2.3746506485622376e-05,-2.3763932404108346e-05
t2,-50000.0,-49999.999980968736,-49999.999980951274,,-1.7462298274040222e-08,-1.9031263946089894e-05,-1.9048726244363934e-05
t2,-50000.0,-49999.99997443841,-49999.99997442103,,-1.7382262740284204e-08,-2.5561588699929416e-05,-2.55789709626697e-05
t2,-50000.0,-49999.99997405088,-49999.99997403349,,-1.7389538697898388e-08,-2.5949120754376054e-05,-2.5966510293073952e-05
t2,-50000.0,-49999.99997427919,-49999.999974261715,,-1.747685018926859e-08,-2.5720808480400592e-05,-2.573828533058986e-05
t2,-50000.0,-49999.999969037526,-49999.99996902009,,-1.743319444358349e-08,-3.096247382927686e-05,-3.097990702372044e-05
t2,-50000.0,-49999.99996965731,-49999.99996963986,,-1.7447746358811855e-08,-3.0342693207785487e-05,-3.03601409541443e-05
t2,-50000.0,-49999.99996923245,-49999.999969215,,-1.7447746358811855e-08,-3.0767550924792886e-05,-3.07849986711517e-05
t2,-50000.0,-49999.99996974934,-49999.99996973185,,-1.7491402104496956e-08,-3.025065961992368e-05,-3.0268151022028178e-05
t2,-50000.0,-49999.99996772035,-49999.99996770289,,-1.7462298274040222e-08,-3.22796477121301e-05,-3.229711001040414e-05
t2,-50000.0,-49999.9999669596,-49999.99996694211,,-1.7491402104496956e-08,-3.3040400012396276e-05,-3.305789141450077e-05
t2,-50000.0,-49999.999966522715,-49999.9999665052,,-1.7513229977339506e-08,-3.347728488733992e-05,-3.349479811731726e-05
t2,-50000.0,-49999.999964296476,-49999.999964278984,,-1.7491402104496956e-08,-3.570352419046685e-05,-3.572101559257135e-05
t2,-50000.0,-49999.999964362614,-49999.99996434511,,-1.7505954019725323e-08,-3.5637385735753924e-05,-3.565489168977365e-05
t2,-50000.0,-49999.99996334755,-49999.999963330054,,-1.749867806211114e-08,-3.665244730655104e-05,-3.666994598461315e-05
t2,-50000.0,-49999.99996394889,-49999.99996393137,,-1.752050593495369e-08,-3.605111123761162e-05,-3.6068631743546575e-05
t2,-50000.0,-49999.99995966626,-49999.999959648754,,-1.7505954019725323e-08,-4.0333739889319986e-05,-4.035124584333971e-05
t2,-50000.0,-49999.99995758794,-49999.99995757042,,-1.752050593495369e-08,-4.241205897415057e-05,-4.242957948008552e-05
t2,-50000.0,-49999.99995743689,-49999.999957419364,,-1.7527781892567873e-08,-4.2563107854221016e-05,-4.2580635636113584e-05
t2,-50000.0,-49999.99995387204,-49999.999953854516,,-1.752050593495369e-08,-4.6127963287290186e-05,-4.614548379322514e-05
t2,-50000.0,-49999.999954619976,-49999.99995460245,,-1.7527781892567873e-08,-4.5380023948382586e-05,-4.5397551730275154e-05
t2,-50000.0,-49999.999953450875,-49999.99995343335,,-1.7527781892567873e-08,-4.654912481782958e-05,-4.656665259972215e-05
t2,-50000.0,-49999.99995363068,-49999.99995361315,,-1.7527781892567873e-08,-4.636932135326788e-05,-4.6386849135160446e-05
t2,-50000.0,-49999.99995674747,-49999.999956729946,,-1.7527781892567873e-08,-4.325252666603774e-05,-4.3270054447930306e-05
