Parameter,Case CE,Case CE,Case CE,Case CE,Case CE,Case CE,Case CE,Case CE,Case CE,Case CE,Case CE,Case CE,Case CE,Case CE,Case CE,Case CE,Case CE,Case CE,Case CE,Case CE
Cost,21.1029969194,43.7942516407,24.4042491453,82.5710588179,29.1096625925,22.120654979,26.2538609181,25.0498362216,26.9975144007,46.4619679245,41.5782096094,73.736537441,118.9321612615,7.7378846073,95.0061304412,300.0192739826,34.1738343405,29.25751771,14.6557611131,55.6825074828
xk1,-0.128748731,-0.2427832988,-0.2769506858,0.155341979,-0.0393613185,0.116523793,-0.1806762138,0.1848763614,-0.0159266553,0.3183716967,0.0044870078,0.055779131,-0.2097686417,0.0496032799,-0.0543252386,-0.0703499916,-0.0789499034,0.0075756776,-0.1266744715,-0.1243689164
xk1,-0.6563437656,-0.4961160264,-0.6539208225,0.3605783889,0.2468256938,0.3731237204,-0.5596425825,0.418737787,-0.1026556654,0.6189799578,-0.1511024201,0.1393675324,-0.3264190534,0.1242131058,0.1018424863,0.0077013142,-0.457258563,-0.0467707735,-0.3232258352,0.0698135883
xk1,-1.2088639116,-0.4912113072,-1.3181247633,0.6716059303,0.7929497225,0.4800999242,-0.70621224,0.9881258867,-0.0265713401,0.9243890627,-0.567414698,0.0203583175,-0.0550820739,0.1887610588,0.1207058293,0.4444981844,-1.0845491131,0.2028636093,-0.7175874821,-0.1098193278
xk1,-1.3623742684,-0.1969425972,-1.4302296483,0.7078847612,1.3511050579,0.6357044088,-0.7803252432,1.6268721508,0.7544653752,1.2302096247,-0.7992027337,-0.0384375064,0.3645777076,0.3671400727,0.1517883991,0.9988682455,-1.9368382737,0.8019188691,-1.0255861268,-0.5233987612
xk1,-2.0022286484,0.2357522911,-1.4221942261,0.8388493905,1.9961822855,0.593699494,-1.2157946448,2.259920335,1.8844305616,1.8722816369,-0.9827765305,-0.2158757373,0.5021411518,0.3917046066,-0.4388332223,1.5136509167,-1.9199047574,1.0197815047,-1.0182225774,-1.4215911085
xk1,-1.6772678482,0.6598956549,-1.3732707337,1.3458580445,2.2981278003,0.5289481793,-1.374623236,1.6654603235,2.9900676812,1.3522357591,-1.2251826745,-0.3918785294,0.6112739084,0.2478565541,-1.2905402302,1.7582081683,-1.356131603,1.187948016,-0.6977871304,-2.7702983611
xk1,-0.9865808182,0.5230374909,-1.1250501702,1.6467232579,1.0828624085,0.5445695647,-1.3579839817,0.6298125601,2.9848860811,0.8288744328,-2.2646585093,-0.7794548166,0.5871376727,-0.0382149568,-2.5346728317,1.2279514983,-1.4750102338,1.3716835704,-0.5183763495,-3.4444324752
xk1,-0.8950779699,0.8306116484,-0.3017444812,1.4708318752,0.3724103426,0.3746939637,-2.1316776378,-0.4483013123,3.3436705523,0.2337568439,-1.8394802453,-1.2106661817,0.9682986227,-0.5208506132,-3.743881633,0.9129003021,0.5619692471,1.4945311125,-1.0750150193,-2.1164362248
xk1,-0.3161118137,1.7645517184,-0.3562372408,1.1747456083,-0.5136303552,0.6622588293,-0.3588861522,0.2408695706,2.0894473657,-0.0680961504,-1.1195385698,-0.5219337457,1.6981766568,-0.6614916943,1.6270645186,0.6625762957,1.2670797002,0.9313967761,-1.5831181253,-1.2043179425
xk1,0.2915462084,2.2824017741,-0.0287516046,1.8742819754,0.042808402,1.7491329145,0.3777612556,1.1391250223,1.9603815477,0.6002612763,-0.4603221419,0.2737460423,2.9507820891,-0.12694681,4.9058312589,0.7643450365,1.1409712074,1.2611668372,0.3600130963,0.656911023
xk1,1.2890802687,0.0854436886,-0.5624679825,-1.0722234227,1.2268799352,2.3700385459,0.5988765189,1.8410684817,0.7139131422,0.622016283,2.0072501808,0.9876671874,1.4066758071,1.306804838,6.0553544352,0.5079128447,1.4927178093,1.0973351259,1.6520687853,0.9773128306
xk1,1.548690167,-1.4832031108,-1.1667142183,-3.1568337479,0.7627240567,0.3769286403,0.0327068373,1.3794585445,0.9255033912,1.6366614823,1.4193404312,0.4891167466,-0.3937669006,1.380973615,5.2726327923,-0.7862886866,1.2711213774,0.946719124,2.0852240959,-0.6356908215
xk1,0.6219004215,-3.1458947255,-2.3078275324,-5.8584950461,-1.0580049724,-2.3923287791,-0.851217626,-0.9529383771,-0.840225166,1.8389849852,-0.3054803597,-1.2670947949,-1.3866484051,0.2978557329,0.0089436569,-3.7031775971,0.0937027689,-0.9503310833,0.4710576648,-3.7288847522
xk1,-1.6098468747,-5.0428705344,-3.6520962866,-5.7458387411,-3.9938116102,-4.9725235268,-2.0300717961,-1.7752903876,-1.8414001867,0.2725244982,-2.3418391493,-3.096575411,-1.7803177619,-1.4066590811,-1.2932675425,-5.1711299965,-1.1363814609,-1.7129404783,-2.1161772506,-5.8231047253
xk1,0.0206571479,-5.9209037437,-2.0307037555,-3.9442304109,-3.5280147602,-2.9681507478,-1.7438795983,-1.5842951337,-1.3301842206,-0.740101413,-2.8934467134,-2.9539575115,-0.629081737,-2.6917055627,0.0805197978,0.1717336341,-1.1751378299,-0.9358813395,-3.4592542807,-3.2077147047
xk1,5.1903890527,-3.4064236853,3.468164268,-3.7103293729,1.9915274659,4.6949832291,1.5393098678,2.0558327157,2.2201569993,1.1898384281,0.4184454974,3.111840077,5.8804520805,0.2123393674,1.6826797214,7.5538972296,2.297723482,2.5763904485,1.1314791766,4.8902619616
xk1,15.308018804,2.6612003873,8.1236490924,3.1393856855,7.6140671822,14.1155681497,8.1232089078,9.6521493966,6.8812862944,7.245814715,7.338307841,12.786746102,19.0915730135,8.284184865,4.8768168438,20.5571751061,8.3076262501,8.4506971231,9.4961109865,15.3119583361
xk1,20.2526967961,5.3720558732,6.8324547868,-0.4413127666,6.5162795131,16.7686941178,12.0108998545,16.6692450787,9.7980095762,10.7501057678,12.0815658656,18.229472381,27.5049417804,14.5464706511,6.4638551981,31.2394814323,10.5568894419,13.3204128132,14.5119904567,22.9729857892
xk1,11.4575180888,2.170532478,-1.0613472864,0.1064296002,-0.7509025788,6.468587047,5.8882926312,9.2905159087,2.0784254845,3.5326035818,7.3484835597,10.2913518539,22.5109458372,5.4745474904,-2.7505482544,-3.9477610843,4.4740600352,3.6125441955,6.7423850469,7.0979070009
xk1,5.7471152808,2.9716971226,0.0607065353,4.8596420972,1.6147496364,4.526474984,4.0284005363,6.2211688538,0.7367351712,-0.1369886359,4.8079374987,9.35604836,9.4974285622,3.2516227673,4.5597581992,-16.3667783636,2.332286715,-0.2886929686,4.1960066132,4.3367944342
xk2,-0.1942138067,-0.3662317708,-0.4177723004,0.23432898,-0.0593754349,0.1757728321,-0.2725449715,0.2788807776,-0.0240248966,0.480254724,0.0067685071,0.0841412116,-0.3164300894,0.0748251103,-0.0819480548,-0.1061209497,-0.1190936751,0.0114276477,-0.1910848447,-0.1876069799
xk2,-0.8360417499,-0.457913819,-0.6550801262,0.3580726671,0.4194205986,0.4234361099,-0.6280421363,0.4104698631,-0.1357985845,0.5528178248,-0.2333018884,0.1434983695,-0.2414297839,0.1280270659,0.2186200975,0.0957824267,-0.5953067291,-0.0796157338,-0.3360249754,0.254104192
xk2,-1.0157102891,-0.1048438534,-1.1574129223,0.5544555856,0.9077445311,0.2573763297,-0.3640580811,0.9571506866,0.0855268922,0.5980272742,-0.6759341853,-0.1458113949,0.3442293493,0.1274326671,0.0697691072,0.6736401521,-1.0750999745,0.3606404667,-0.6735352242,-0.227364466
xk2,-0.5694859036,0.2347176843,-0.6287855245,0.2925097871,1.0229635975,0.3876931558,-0.3403762765,1.3072774823,1.1785122535,0.8286100839,-0.4975796644,-0.073955264,0.5496441323,0.3353976008,0.034715731,0.9322121258,-1.5903824427,0.9796312966,-0.7064189795,-0.7435973255
xk2,-1.5576265548,0.3986495109,-0.5728045001,0.5044258317,1.4030514884,0.2640779593,-1.096087492,1.5257069861,1.8850823274,1.5372804847,-0.51599026,-0.2042386425,0.1502734544,0.1889272552,-0.8018267268,1.0186707608,-0.6535092419,0.5153797696,-0.3664251526,-1.4510896762
xk2,-0.5382846722,0.5483477815,-0.7880699272,1.2380856609,1.304842907,0.2083366648,-0.8207803897,0.0343811678,2.1176448928,0.0124501937,-0.8590652031,-0.3360999114,0.2967485638,-0.0675840753,-1.3688898615,0.9453946312,-0.0020877263,0.5512778899,-0.0266452058,-2.4227825653
xk2,0.2917922415,-0.0237217479,-0.4295819729,1.0270037812,-0.7809593506,0.3462614497,-0.4825815666,-0.6274637401,1.0653953003,-0.1547523212,-2.1781708906,-0.7239825664,0.3502308118,-0.2448812849,-2.1505232614,0.0391014102,-1.2355830485,0.942626649,-0.2604935977,-1.9626089253
xk2,-0.7366366,0.7216948328,0.6295357136,0.3404563134,-0.2228342289,0.0549984915,-1.905956287,-0.6813087883,2.0128888794,0.0042330942,-0.2516001562,-0.9379758352,0.8926834204,-0.6061633306,-2.6831563337,0.3153172835,2.0587600325,0.90610309,-1.2774282689,0.6278975036
xk2,0.0811719395,1.9271355267,-0.5000682588,0.3703036076,-0.420803234,0.6405970879,1.6016570017,1.3406106142,0.0795805826,-0.0312904508,0.3844580929,0.6008878513,1.5147780076,-0.3128701694,6.6269007743,0.4295788802,1.1712500622,-0.1744495972,-1.1867463487,-0.093472879
xk2,0.8113927934,1.3702254398,0.0128082679,1.942668865,0.7899891109,1.9937158353,0.8662913607,1.4099906978,1.0472529686,1.0250965198,-0.1596048275,0.8564069917,2.4843691307,0.5947990869,4.822041988,0.5670356327,-0.4329335742,1.096143675,2.4873374986,1.2373793924
xk2,1.3969276937,-2.58334034,-0.6838045175,-3.5427858875,1.7019026678,1.4967635022,-0.4374057409,0.928799774,-0.3620365346,0.1906073142,3.0092415549,0.6591228698,-1.2412593154,1.9263991968,1.2119844197,-0.0507054755,1.1500076783,0.6363805351,1.7769249233,0.383694618
xk2,0.6180511405,-1.7941404337,-1.137610562,-3.4752135187,-0.6348927156,-2.2814350273,-0.6654303803,-0.0688695892,0.8656204074,1.5713353415,-0.2941761811,-0.5796736407,-1.9313603691,0.2267167796,1.5011913948,-1.6816340357,0.8583803126,0.1512351915,0.2798985601,-2.2864865568
xk2,-0.8494935942,-1.8679165324,-2.0506529011,-3.9908818083,-2.5826501461,-3.5194874223,-0.8140471753,-2.5756941399,-1.9146077038,1.0847513983,-2.4947083566,-2.2578575288,-0.4050760067,-1.3443288241,-3.9071801831,-4.3857845981,-1.3029697603,-2.2998984379,-1.5422207963,-4.4996433366
xk2,-2.6715591369,-4.039320736,-2.8366071282,-1.9398223012,-4.0571774884,-3.5224514555,-1.8388072044,-0.9119920211,-1.7972067989,-1.7263926097,-2.2228738184,-2.691823764,-0.6233229627,-1.8371430839,-0.4765416255,-3.0645544363,-1.58138046,-1.0888509613,-2.8635567432,-3.6864518105
xk2,2.5525379227,-3.620467961,1.075445467,-0.2047625298,-0.066859371,1.5943510535,-0.3150051521,0.2793831878,0.6461709888,-1.0051280625,-0.793673786,-0.4764640384,0.5586372256,-1.7546250115,3.1236009641,6.4750370355,0.1762857198,1.119256101,-1.9411039243,2.1202770136
xk2,8.0621383903,1.3601320513,7.1297075919,-2.6948524191,6.9144624387,9.6538576027,4.2296222562,4.3734738557,4.7109059153,3.5119120106,3.7269192328,7.8011436948,9.1329242963,3.5139860486,1.659335645,9.9189826848,4.8752491487,4.5108042728,5.8950263322,9.9011981779
xk2,15.6636129649,6.8281935971,6.6861324561,7.6499330175,7.3843587984,13.6381965757,9.697533888,11.2976830928,6.7941448899,9.3946509567,9.5236842167,14.3575164877,21.2954118416,11.6638076484,4.1327087108,19.3846319317,9.0948788172,8.7828949765,12.0642671024,14.9211799746
xk2,11.498697013,2.8279791174,-0.5653699819,-4.7511911388,-1.0272013517,6.8725385326,7.4190948756,12.8376654945,5.746969425,6.5773588039,8.1926635658,10.5078300941,17.6050745409,10.6634351855,4.3013837413,22.4745620316,5.0944586305,9.4474142092,8.6196864553,14.8536645071
xk2,-6.0579898627,-4.4296581859,-8.3836176821,-1.1224233397,-7.98369288,-8.9195230014,-5.5157460311,-5.9518971359,-7.966721922,-7.8771579578,-3.6605391122,-5.8797829937,1.3806728948,-9.9025665721,-11.3485464992,-41.5942335827,-5.5586163483,-10.0291112848,-7.3827872311,-15.3759017042
xk2,-0.0621591282,3.6545390001,4.8268713594,9.5687380852,6.9506579069,4.2741672098,1.8356037703,0.9918988729,0.9040840789,-1.8216766683,1.0067581929,6.2980256647,-6.5576243315,1.1473902083,11.4102859808,-14.5456893289,1.2038188522,-2.3194532708,1.844319585,2.774444039
xk3,-0.2444794486,-0.461018615,-0.5258987317,0.2949770925,-0.0747427097,0.2212656562,-0.3430840424,0.3510596649,-0.0302428788,0.6045526977,0.0085202943,0.1059184358,-0.3983273904,0.09419116,-0.1031576501,-0.1335869145,-0.1499172219,0.014385387,-0.2405406621,-0.236162671
xk3,-0.9256392156,-0.3373477779,-0.5519024136,0.2977769763,0.5667352162,0.418278952,-0.6126649041,0.3346518413,-0.1552618798,0.38237892,-0.2981027656,0.1257104942,-0.0973492017,0.1123165443,0.3286994258,0.1898496665,-0.6716370509,-0.1076817104,-0.2982532283,0.4423427698
xk3,-0.8353761917,-0.026436879,-1.2499307242,0.5879430281,0.8375311943,0.1403864382,-0.1922122704,1.0841825259,0.1836265559,0.6455214835,-0.6949964688,-0.2327963825,0.4238410011,0.116348851,-0.0981617041,0.7294258053,-1.027620125,0.5119894468,-0.7294005504,-0.5511571118
xk3,-0.5734063811,-0.0251982869,-0.5499240878,0.2895997416,0.8927369895,0.6143132862,-0.6320740039,1.3497166272,1.3463286276,1.1377668961,-0.3055834106,0.111708733,0.2124238026,0.4367160978,0.0806331567,0.7416222233,-1.662423848,0.9603042129,-0.7038623974,-0.7289106756
xk3,-2.4892393088,0.0569799994,-1.2446488646,0.9141518009,1.7379872791,0.4105550646,-1.6411813851,1.7773655188,1.5907608262,2.0006717477,-0.7745190829,-0.2161321007,-0.1299783622,0.1483011024,-0.9188909065,1.0529180847,-0.6085287482,0.169296146,-0.5180929648,-1.3857594379
xk3,-0.4919659848,0.4409276265,-1.5153953091,1.6613036342,1.6906463155,0.4610812053,-0.7374350882,0.1853350532,2.0721626727,-0.2236238245,-1.3122635394,-0.3657339895,0.6648399652,0.0393324362,-1.1235571313,1.3002423668,-0.9347585303,1.0087230701,-0.489056122,-2.5534921437
xk3,-0.4877154242,-0.099931283,-0.7507463184,0.9498075481,-0.5460558983,0.6360756328,-0.8452153117,0.6578284133,1.4385211335,1.0291613577,-2.7535943271,-0.8491924278,0.5971368192,-0.0103808417,-2.2084351748,0.4436922427,-2.6993701605,1.5427637332,-0.8865491542,-1.9800257667
xk3,-2.1118586435,1.415750443,0.3321949246,0.6577033803,1.6371845092,0.1108827116,-3.0010749529,0.37614762,3.8858626488,0.8458395756,0.3658220197,-0.983425626,1.2024326864,-0.515746449,-3.0152471991,1.4232617389,2.900718302,1.1696105225,-1.7038405828,0.0977080223
xk3,0.3136823841,2.230700875,-1.6512349433,1.3482512202,-0.0729386804,1.0721808264,2.5268013931,2.0337880665,0.4873501518,0.0969804174,-0.916902623,0.8212760548,1.6572537101,-0.1258607134,8.2910723093,0.8853645104,-0.6192727676,-0.0071604359,-0.8579320111,-2.755236083
xk3,0.6172884156,0.9222203936,0.4043937579,2.9693739817,1.0198532154,2.2839696862,-1.2786821395,0.2868290607,3.071749285,1.2568919987,-1.5763869033,-0.1497174741,2.7851017206,0.5213004303,-0.7470945287,0.7457939018,-0.6946105081,2.4207634069,3.1350414164,0.8053213993
xk3,1.0398459725,-2.840845357,-0.9347128522,-5.2420311131,1.1907750645,0.9868343207,-1.0983517441,0.5556538506,-0.1416132455,-0.4980217366,3.6857263824,0.1065349811,-1.9799777422,1.5852080025,0.4809398096,-0.0862177302,3.03075351,0.481986729,-0.5499615094,-0.4102015164
xk3,0.2527426153,1.0160517217,-1.078036573,-0.8460685684,-1.7428870883,-2.5322275901,0.2948031531,0.4628661016,2.1606530262,2.3614857455,-2.315188165,-0.6036450486,0.4246885446,-0.8761916308,5.9222468802,-1.5934209342,0.8583070949,0.4105452531,-0.1505121869,-2.4030400946
xk3,-0.4021257069,-1.714810742,-2.2400792259,-3.8152006438,-1.6912032998,-1.2646689647,-0.2561406368,-1.9570400584,-2.7461892058,0.8448883386,-1.3319173307,-1.6863122419,1.3155049318,-0.6344472879,-2.3718011174,-4.169848562,-1.5489201376,-2.2484256548,-0.3690197877,-3.4168237088
xk3,-1.7943672118,-5.638626515,-3.1157426282,-2.8343976545,-2.9596697444,-2.4506225373,-2.127655579,1.1082293366,-0.597797772,-1.8282510164,-0.1022275238,-1.802551075,-1.6791499077,-0.4495150445,4.0856857006,-1.8237257701,-0.2838791349,0.5955586847,-1.380173688,-2.5611603102
xk3,4.9734529385,-4.0085452642,1.569902398,-2.9823212602,1.2110459717,1.763998454,0.0567771766,-0.2948115107,1.2632411815,1.1115792188,-0.5531863458,-0.1567598069,-0.0494654261,-1.3331447192,2.9756789791,7.1518220652,1.0342900513,1.0637880515,-0.9538419878,1.8559815505
xk3,6.8296282575,0.8543362139,5.7801267874,-6.4699313718,5.4984542282,7.5006543304,4.1078840432,3.7800059678,3.8849367166,4.8147648244,3.0373973062,7.7149904548,10.292426437,4.1179498627,-1.6668837873,4.6242740341,4.7895831981,3.4624554568,6.6055337031,6.9849990857
xk3,14.588826677,3.8918976184,2.8902552381,9.9070384793,2.7072544499,9.7110842267,8.4056792015,10.7478255278,4.8312785219,8.4742635166,7.8405376062,11.296166961,20.7870420322,10.5038676388,4.9539567672,19.4564923992,7.5343991481,7.9204223405,8.9009149908,11.2609997255
xk3,9.113898302,-2.1930149998,-1.2916115371,-12.7404368266,-3.1185810166,4.9398322565,4.8503122555,11.0220493471,5.2500713722,3.3410383632,5.3620097637,7.3615966258,13.2428312722,6.6511503458,4.665149757,22.9962723732,2.8534547406,8.7882136777,4.8442904313,14.4664384233
xk3,-3.2976049341,-3.7937010613,-3.6350529876,4.6884296721,-2.736608536,-4.3919619058,-5.0187920549,-8.0897972976,-8.2150377625,-8.0388462768,-3.5492523395,-3.6174302313,5.263291506,-12.1238155589,-13.7733409191,-51.854520911,-3.5532242615,-12.1700511351,-6.489654532,-16.8626617924
xk3,17.4785429601,11.9523661858,15.0355063433,13.0429148952,17.4562793436,21.8094979825,14.3632376835,17.1234626853,12.8286629899,10.591974366,12.3878317631,24.254746964,10.0347498624,18.7410953608,26.0351100098,30.1139299229,12.2206546189,12.8463204706,17.4075895902,28.922679062
uk,-0.1724658603,-0.3252219524,-0.3709912097,0.2080890527,-0.0527265335,0.1560898753,-0.2420257813,0.2476521316,-0.0213344947,0.4264771421,0.0060104867,0.0747192295,-0.2809968385,0.0664462949,-0.0727716495,-0.0942378002,-0.1057579278,0.0101476837,-0.1696872756,-0.1665988572
uk,-0.2268260722,0.5656303175,0.5273694774,-0.3041161786,0.530084858,-0.0906252808,0.1658425296,-0.3758615907,-0.0568109645,-0.7840592787,-0.2251460562,-0.0959472096,0.6256563395,-0.0849538247,0.4116939219,0.3667850006,-0.2124769291,-0.1010386715,0.2088911889,0.7237062615
uk,1.2735432431,1.0395939735,0.6166723135,-0.4051591623,-0.3208271786,-0.8557544282,1.2822798569,-0.1765761736,0.4310231971,-0.8277581719,0.0206691499,-0.4913810887,0.8749501727,-0.2097720069,-0.5369952896,0.3198846699,0.5987256809,0.5342092682,0.2506790031,-0.9189952417
uk,2.2020466759,0.761421467,2.7975410881,-1.3731904143,-1.3451019102,-0.4246871028,0.8035586943,-1.5752935757,0.8135516476,-1.222780632,1.2927501405,0.2669986026,-0.1535261377,-0.088772737,-0.0202061063,-0.8292073116,1.4300637315,-0.117332584,1.2820811538,0.1946654412
uk,0.8825153123,0.4068258913,1.8337519902,-0.7179459331,-1.6607980105,-1.2826608182,0.6653102724,-2.495504781,-1.2801626315,-1.5674988982,0.9465022053,-0.2183793581,-0.8025491924,-0.8723345872,-0.9635653012,-1.4509291389,4.0869832227,-1.986158517,1.8628183176,0.4875374949
uk,5.1304023749,-0.0594380046,2.3561137249,-1.0108067341,-3.5208324928,-0.9883586683,2.9185629814,-5.017729564,-2.8569571883,-4.9303329665,1.3357361481,0.2734320882,-0.1591736477,-0.710188945,0.7286138722,-2.3894403297,2.8737282621,-0.9822046123,1.7278980312,1.6445012106
uk,2.7062008844,-1.4786312377,3.0685205866,-2.9724716836,-5.5349344635,-0.8239473668,2.1953690715,-2.3221332518,-5.494288542,-1.15173534,1.2045375486,0.343058465,-1.1779877586,-0.4443928951,1.42401122,-3.6413547444,1.1782085673,-1.7304113512,0.9653854546,5.2235666924
uk,0.5954055948,0.2822769267,2.7054947728,-2.9426676906,-0.0813324754,-1.3801579622,0.8077922896,-1.4862648654,-3.2537134625,-1.7825487732,6.3305873622,1.2981017945,-0.6358038572,-0.3280816352,3.8074113874,-1.3656211571,6.963534789,-2.7769942345,0.4865414637,7.2138983322
uk,3.6967404894,-1.083935209,-0.9481713389,-1.976197902,-2.3562319151,0.0647077256,7.9417347482,1.6493609235,-8.6063783981,-1.1700015824,1.8106606518,3.3527205164,-1.4587254437,1.1714701089,14.4292287235,-2.2266325922,-4.02068961,-3.4183983561,2.6529423402,1.3475685812
uk,0.6161552677,-4.1364663127,2.4771019405,-1.0799017719,1.5370170538,-0.4399925322,-2.7267700834,-2.0859103645,-1.586758579,0.8883014265,1.6373357995,-0.0547609337,-2.1844022132,1.486060218,-10.69810975,-1.3623176207,-1.6620787787,0.2366838475,5.4014137453,5.2821192186
uk,-0.244723016,-6.3258415853,-1.0306315775,-9.4174791807,-0.1690808592,-4.1124565788,0.0795482373,-1.483050222,-6.1862092915,-2.4422461057,4.9251510372,-0.0762827955,-8.529463794,0.8617722522,-5.8639330383,-1.944412604,1.0137973223,-3.9752587089,-3.8381431322,-1.9720087747
uk,-2.7108664955,3.1540304443,0.9867419831,5.9932319816,-4.134439041,-6.2938002283,0.3464845684,-2.9899952986,0.5050738678,1.2366744111,-8.1498012702,-1.984318698,-0.0252659917,-4.0236759438,-5.5992868355,-1.8349022009,-4.6939935641,-1.831276698,-1.865137781,-2.7424410531
uk,-2.8747341272,-0.1984366135,1.1940763039,2.618874802,-0.6720761881,0.8139088038,-0.6305151799,-4.0217916045,-5.4924027971,-4.1768774106,-0.8038557764,-1.4111422925,0.8305987468,-1.6654577507,-15.8111042259,-0.3053014137,-3.8423426616,-3.4667166764,-3.3198890529,0.7420042265
uk,-1.9410500111,2.4406132925,3.429277994,10.523220338,0.9461149542,2.8145824213,-0.0227126156,3.9275031754,3.457113846,-4.8798601384,1.4284179059,2.1296236347,-0.4370416125,-0.3164288304,4.7669494158,8.1827776314,1.0700073267,3.9019137879,-1.5455942621,6.9083596342
uk,7.4978528181,10.2994919785,9.6267124149,9.5194326441,9.5730312052,11.0402309464,5.1475172871,1.2886719605,4.1289341613,2.0041171128,3.056299106,6.2049089835,4.3911023919,1.4598832711,-0.1720995352,14.5679226757,2.5730981227,2.6545860998,3.6515751426,12.5237837702
uk,0.006651953,13.4749993304,5.776751909,4.6453581239,8.1244701178,8.3264693455,5.5165767976,5.4835995276,3.602636957,3.2607873108,7.1183861233,10.1477907867,8.3727648657,8.2359408539,-3.9351590201,-3.4815014233,4.1689888928,2.962190058,10.7704495354,8.3159366401
uk,-3.7280464865,7.3717884698,-8.3397517899,19.0854801771,-5.9033989311,-6.8641425224,-0.1202154602,1.084919225,-3.4059617276,-0.3584132363,2.2658403392,-3.7584488753,-3.8601245209,3.3194796962,2.8256641336,-1.4415157912,-2.5318495416,-1.3744761841,-1.4800497902,-5.507673261
uk,-30.3262516931,-8.7573647836,-15.6323640205,-23.0446257269,-15.8379503213,-26.6549569596,-16.5731632044,-16.80011098,-11.0692271623,-16.3820994151,-14.4276180735,-24.4089176729,-38.928384365,-17.44442704,-8.8563416264,-33.23066293,-17.4544310937,-13.9342236537,-18.897427632,-23.2222924678
uk,-41.7303899967,-8.3947895915,-11.9737624137,16.4913420813,-9.0236497338,-33.4048130055,-26.2510832002,-41.3004920641,-25.7014853476,-24.9728995708,-25.7440933734,-37.1272468624,-50.4142204503,-36.6231749669,-24.0183837544,-105.9280572105,-21.2127405281,-37.1227114147,-31.0164892154,-60.602980878
t1,1,1,1,1,1,1,1,1,1,1,1,1,1,1,1,1,1,1,1,1
t1,1.0007278344,0.9961503287,0.9956568399,0.9970241739,0.9999836015,0.9987611888,0.9992661147,0.9959539128,0.9998959557,0.9881076558,0.9995602212,0.9993296331,0.9965434131,0.9994132811,0.9998276568,0.9996927291,1.0003446009,0.9997041429,0.9995069124,0.9981262427
t1,0.9845619368,0.9957793495,0.9944849003,0.9940540789,0.9905551341,0.9892281356,0.9923258471,0.9948522837,1.0000993129,0.9836428754,0.9995681983,0.9963662503,0.9982858251,0.9979492891,0.9914616795,1.0000904528,0.9954887733,1.0002878859,0.9994588613,0.9805950772
t1,0.9668120072,1.0072788424,1.0597697127,1.0027730538,0.9413695726,0.989086833,0.9954287241,1.0098403107,1.0018456627,1.0078297576,0.9868062044,0.9967666742,0.9788699447,0.997987978,0.9981369869,0.9712060644,0.982292161,0.9998627185,1.0165962992,1.0088206459
t1,0.9720732737,1.029225004,1.065641417,1.001472167,0.9240075744,1.0303518732,1.029755324,1.016743867,0.9956373707,1.052234345,0.9641122515,1.001231886,0.9383577278,1.009836969,1.0080882839,0.9328496118,0.9747081575,0.9556638929,1.0160875772,0.9931367457
t1,1.3188367076,1.0321765556,1.1504673392,1.0407236676,1.0329083603,1.0407514884,1.1646773639,1.0955676452,0.8687526534,1.2412429312,0.9673460153,0.9705822726,0.9580641922,1.0109314662,0.9711648013,0.9418474053,0.9650772874,0.9619976333,1.0111725447,0.8147895505
t1,1.2968467629,1.0117079671,1.1949655939,1.2324736011,1.1013019911,1.0716078421,1.1050377317,1.1026000481,0.7426908386,1.2522825045,0.9679688375,0.9531918185,1.0606443799,1.0200725011,0.769386263,1.0171759244,0.9477799871,1.0475387039,1.0120279881,0.5359017133
t1,1.2878523876,1.0459042706,1.1925142277,1.1761210547,1.0980373126,1.120296208,1.1087113967,1.157604076,0.7544883117,1.2957417556,1.1395051613,0.9371287563,1.058167799,1.052935986,0.6320232386,1.02098962,1.4488611215,1.1383077921,0.9687226612,0.5508927861
t1,1.4374188847,0.9622756484,1.1839109644,1.1446000335,1.182987833,1.099219566,1.4689840586,1.1781706157,1.0039109903,1.2760715362,1.1489332634,1.0005313656,0.951572761,1.0806424088,0.889925483,1.0638258927,1.5842693675,1.0819199122,1.2156724133,0.5758643385
t1,1.4347332241,0.6361242549,1.4922667287,1.1284230311,1.3525213306,1.0155751526,1.4809671418,1.1288623633,0.9939090768,1.3063908461,1.2415116078,0.9969999057,0.8234625131,1.1106691666,0.7562609593,1.0525823103,1.5681444132,1.1155122036,1.2058532329,0.9602007675
t1,1.4338401486,0.6204810819,1.5714483954,0.9712049998,1.348627238,0.8992180732,1.4312188666,1.2070513406,1.3381864354,1.2160370107,1.1840576165,1.1469768419,0.8126757065,1.0835879759,0.8411244096,1.0610609111,1.6260758663,1.1112866258,1.3648499344,1.0477676903
t1,1.4419643046,0.5157860704,1.4053516651,1.0854322452,1.3948412369,0.9032849962,1.298536869,1.2097688469,1.4668174114,1.3623591929,1.5866161711,1.2046975922,0.7176494531,1.3428566136,1.0756752961,0.8959268064,1.7199854453,1.104462691,1.3545909863,0.7669418532
t1,1.4701776502,0.5537662507,1.3657638151,1.0935339827,1.309727464,0.8433836252,1.3478499437,1.3883775318,1.5562703293,1.8449049016,1.3366014732,1.2857322752,1.3009836025,1.3022705159,1.8567011172,0.8792994175,1.8590832087,1.4719705016,1.4425860919,0.8590152844
t1,1.6155845547,0.9357382109,1.2882243114,1.0428351324,1.4296864226,0.9573893687,1.6043907375,1.2923297507,1.5614473242,2.1288000386,1.4821115802,1.2865786728,0.5817351961,1.5373963599,2.1536610024,0.8347767523,1.8444335629,1.3316328522,1.5350260831,0.8765136106
t1,1.6394771539,1.4230882536,1.3486927339,1.0583883264,1.4451433871,1.2106487446,1.6170553507,1.1022374534,1.1922929349,2.1108183201,1.4458796403,1.2684226996,0.8067994472,1.5441206566,2.1566976541,0.9100800119,1.6706990366,1.0366639997,1.5440859667,1.0206218556
t1,0.8373541833,1.4177625602,1.349039323,2.2467367315,1.4617850721,1.1853935428,1.5473270109,1.3586378113,1.620437132,2.0464057242,1.4692016613,1.5141718921,0.7775552069,1.6116225034,2.2634654362,0.7715073803,1.6696195841,1.5621694139,1.6209671106,0.9840184702
t1,1.0529804287,1.3906974778,1.6729381255,1.9792151517,1.747172561,1.1743384859,1.6802366477,1.3626669271,1.5927894969,2.045871451,1.6252838182,1.4602032598,0.7959841142,1.6306191848,1.8380264804,1.3818819341,1.8316948841,1.6288004252,1.5372849784,1.0003729926
t1,1.9673677203,1.5361377723,1.628367524,2.1655655004,1.7311022924,1.1737131651,1.6510959653,1.4961312754,1.487350646,1.9277209604,1.5283695693,1.3489102657,1.3589041598,1.5710973282,1.6898334094,1.239747274,1.832455671,1.5210397671,1.5295706134,0.8217746261
t1,2.0586156858,0.7227192938,1.1109223987,1.3537407269,0.9764378112,1.2944547163,1.6402649825,1.7768283594,1.7415347797,1.9371144173,1.4002287752,1.4755534872,1.338110383,1.588864454,2.0523063865,1.40565555,1.7618742971,1.7105739126,1.6628779539,1.134891614
t1,2.275982054,1.2041499124,1.1263622117,1.1470818787,1.2299440135,1.1731939858,1.7258450257,1.7724155726,1.3631655317,1.9331221481,1.5104462196,1.2709578209,1.7305778571,1.5831480133,2.0548645292,1.2511775432,1.8251643671,1.563542011,1.6977335815,1.3254092184
t2,-0.6,-0.6,-0.6,-0.6,-0.6,-0.6,-0.6,-0.6,-0.6,-0.6,-0.6,-0.6,-0.6,-0.6,-0.6,-0.6,-0.6,-0.6,-0.6,-0.6
t2,-0.5992721656,-0.6038496713,-0.6043431601,-0.6029758261,-0.6000163985,-0.6012388112,-0.6007338853,-0.6040460872,-0.6001040443,-0.6118923442,-0.6004397788,-0.6006703669,-0.6034565869,-0.6005867189,-0.6001723432,-0.6003072709,-0.5996553991,-0.6002958571,-0.6004930876,-0.6018737573
t2,-0.6054322705,-0.5883325979,-0.5982192672,-0.599241877,-0.6136971216,-0.5996505943,-0.5908249218,-0.6023560571,-0.5999943422,-0.5955050242,-0.6004200253,-0.5998179093,-0.591322617,-0.6002730949,-0.614181321,-0.5995033788,-0.6023396882,-0.6009270732,-0.5999988271,-0.6400975476
t2,-0.5146677148,-0.567765193,-0.4940144717,-0.5601314111,-0.5968188493,-0.5974964366,-0.5721485176,-0.5641942988,-0.5880397883,-0.5480299957,-0.6051757503,-0.6153678806,-0.6168398961,-0.6005736594,-0.6194689825,-0.6177600644,-0.5673984542,-0.6079520618,-0.5779598427,-0.6618359463
t2,-0.4930826677,-0.5574649101,-0.4453673287,-0.5656160683,-0.5326757996,-0.5480376662,-0.5422228265,-0.471222887,-0.649580389,-0.5056519196,-0.5695740879,-0.6137337102,-0.6104492549,-0.5851909572,-0.5840113927,-0.5729220585,-0.3687948539,-0.6060879198,-0.5128830013,-0.699632552
t2,-0.3304692064,-0.5589392036,-0.3800352706,-0.5379552111,-0.3301279951,-0.5403403519,-0.5633602722,-0.3049051632,-0.5987539243,-0.422832209,-0.4859390948,-0.6085459375,-0.6540541815,-0.5824827699,-0.6606496585,-0.4379635744,-0.3298689144,-0.6153551674,-0.4583443466,-0.6911470887
t2,-0.3289461468,-0.4961134172,-0.4003623647,-0.5593774081,-0.2824652668,-0.5314088397,-0.5507705021,-0.3025299384,-0.2777209266,-0.424748674,-0.4640527997,-0.6023926551,-0.5493270504,-0.5747511716,-0.6638982787,-0.3043403725,-0.3454066191,-0.4430566211,-0.4550991721,-0.5213261314
t2,-0.3485832353,-0.5071752926,-0.4136017532,-0.5768303416,-0.2666231315,-0.5729063525,-0.5853550697,-0.3429941639,-0.2549377666,-0.3922984295,-0.2050972698,-0.5508036381,-0.5577187728,-0.5860741262,-0.4655382021,-0.3060582211,-0.311607985,-0.4347415714,-0.4851065801,-0.2907150436
t2,-0.2988840444,-0.3439918928,-0.3992301057,-0.5381407123,-0.4214537843,-0.5841660245,-0.2561721176,-0.2711968424,-0.104919683,-0.4509995745,-0.2066524476,-0.3453180572,-0.5146538665,-0.5548358768,0.2145021366,-0.3395399518,-0.1907719655,-0.4777338554,-0.4633525884,-0.2862826696
t2,-0.2461486685,-0.2627650587,-0.275707062,-0.556660594,-0.3909891296,-0.5553316621,-0.13093541,-0.3383109191,-0.0867897804,-0.4333037658,-0.1572213687,-0.3641760293,-0.4793369187,-0.5461289671,0.5970326109,-0.3423586587,-0.2362782654,-0.4756759428,-0.5771775149,-0.4383633615
t2,-0.2435419438,-0.0486131472,-0.1987522615,-0.5426845348,-0.3820747955,-0.4503058962,-0.0630384126,-0.354472663,-0.1130522922,-0.3479544794,-0.4652429573,-0.3273949419,-0.1509776464,-0.5506199884,0.6621525494,-0.3705870435,-0.2332353721,-0.3490815252,-0.5863832001,-0.4108490639
t2,-0.2090373362,-0.0814767403,0.0231978523,-0.5486412533,-0.3067569019,-0.3332367802,-0.2222630249,-0.3358465683,-0.1453146858,-0.554665012,-0.0448537969,-0.2843820464,-0.1691591614,-0.4212035903,0.9733076379,-0.4981362523,0.2963680099,-0.4151441731,-0.5746501858,-0.3492278369
t2,-0.1902629724,-0.2133185004,-0.2206263808,-0.5918771604,-0.3895858965,-0.3317285371,-0.1846129668,-0.2707728135,0.2428019683,-0.1239143432,-0.0829728198,-0.2987164624,-0.3661196198,-0.4399061796,1.521115084,-0.4954301301,0.2406857397,-0.2569901563,-0.5178710997,-0.4138174162
t2,-0.3329386825,-0.3794316218,-0.1590099733,0.0138189665,-0.357780916,-0.5598829677,-0.4504346723,-0.0512188925,0.3968247632,-0.3096826289,-0.2186188856,-0.3003651658,-0.4787519558,-0.3368133673,1.5305620669,-0.2868471575,0.2727521882,0.0816617171,-0.5994172897,-0.2806127109
t2,-0.0434418721,-0.4890967639,0.0507822905,0.0351206753,-0.0169981062,-0.3165645514,-0.2781685725,-0.7558843206,-0.0600989022,-0.2965034522,-0.5380642259,-0.3634511332,-0.8009039856,-0.7750934412,1.4618524703,-0.106828922,0.0119955215,-0.3660879718,-0.6578607593,-0.1933423621
t2,-0.5062012358,-0.4791614373,0.0507401421,0.1643391065,-0.0128452346,-0.3102023432,-0.2958403254,-0.7467599237,-0.0601563123,-0.5220014163,-0.5208098204,-0.2338795275,-0.7209858123,-0.7197415802,1.4306215717,0.1170886604,-0.0580999973,-0.2948989224,-0.511331127,-0.1572326098
t2,-0.7105981451,-0.348526608,-0.5604862499,-0.0129592129,-0.6269522966,-0.288979499,-0.3667849444,-0.7805406399,-0.3591435236,-0.7793987965,-0.5983560447,-0.0664213722,-0.5442453492,-0.7205586446,-0.0607690047,-0.4779142668,-0.1467763109,-0.5438411149,-0.5001517579,-0.0519615616
t2,0.4882231686,-0.0069913041,-0.6865152856,-0.3400626144,-0.5797154948,-0.3409636564,-0.1684226138,-0.4082117921,-0.9725406695,-0.5185037845,-0.2327327248,-0.5995504368,0.396512161,-0.4277535128,0.0974780491,-0.589314435,-0.3640461327,-0.7547990006,-0.4024965747,-0.3495724822
t2,0.465402894,-0.1949460701,-0.7217306712,-0.2421979078,-0.6826348151,-0.3058110524,-0.1796996885,-0.1722782727,-1.000206722,-0.5073226051,-0.3567241826,-0.4859549624,0.3903656846,-0.2628582023,1.0721369131,-0.5430089642,-0.3712306815,-0.4998149376,-0.2249493855,-0.0833647567
t2,0.3106769789,-0.6029294897,-0.7170610846,0.8411726622,-0.202337997,-0.2316762835,-0.2318371261,-0.1670910217,-0.6197341006,-0.5051540328,-0.4439066532,-0.2969077178,0.1877440192,-0.2581381181,1.0748201598,0.0271121101,-0.4059983947,-0.2966102888,-0.2469257396,0.1760359482
t3,0.3,0.3,0.3,0.3,0.3,0.3,0.3,0.3,0.3,0.3,0.3,0.3,0.3,0.3,0.3,0.3,0.3,0.3,0.3,0.3
t3,0.3000727834,0.2996150329,0.299565684,0.2997024174,0.2999983602,0.2998761189,0.2999266115,0.2995953913,0.2999895956,0.2988107656,0.2999560221,0.2999329633,0.2996543413,0.2999413281,0.2999827657,0.2999692729,0.3000344601,0.2999704143,0.2999506912,0.2998126243
t3,0.2989959618,0.3026497851,0.3008083038,0.3008036151,0.2978265738,0.3010608524,0.3018933756,0.3000660425,0.2998604385,0.3027974443,0.2999612856,0.3004935971,0.3019444706,0.3002000914,0.2977652003,0.3000985224,0.2994547771,0.2996151622,0.3000372374,0.2931216018
t3,0.3190755076,0.3053157218,0.309412437,0.3062485208,0.3067582254,0.3015026241,0.3052854865,0.3029481988,0.3024467695,0.3082307581,0.2999166779,0.2972348712,0.2990576685,0.300141366,0.295716286,0.2991790106,0.3072040515,0.2978828846,0.3011677244,0.2838656737
t3,0.3226413399,0.3062487362,0.3232656643,0.3051556214,0.3185716064,0.3034167654,0.3069552017,0.3249685946,0.2887461495,0.3145398049,0.3108914186,0.2966570523,0.3035335112,0.3007606511,0.2955755721,0.3112230097,0.3467017978,0.3066581112,0.3206153926,0.2868215095
t3,0.3214520236,0.3064157699,0.3306590751,0.3050412945,0.334714652,0.3057873357,0.32031403,0.3551117623,0.3311185453,0.3400334147,0.3216472237,0.2956828917,0.2982103608,0.3015258997,0.2767564532,0.328112352,0.3614702496,0.3035149582,0.3377269667,0.3153326704
t3,0.3334834129,0.30193762,0.346842684,0.3160176474,0.3687472688,0.3077358707,0.3452367651,0.3597114715,0.393163246,0.332711038,0.3276122146,0.2988469293,0.284633034,0.302025793,0.3155304359,0.3545641835,0.3602467216,0.3015664754,0.338501415,0.3922035397
t3,0.3320339795,0.2931755291,0.3545614295,0.3462124981,0.3647320122,0.317560863,0.3412273339,0.3625035937,0.3996750076,0.3312284066,0.3539705683,0.3035299039,0.296632568,0.3026554735,0.3499067555,0.3615403818,0.346894441,0.3310846975,0.3367340692,0.4203965343
t3,0.31655905,0.279229189,0.3389180555,0.3573880097,0.3759053629,0.3242776802,0.3199787291,0.3532337003,0.4080934434,0.3413007368,0.3483319273,0.3242379827,0.3242141054,0.2946202466,0.392341027,0.3740547489,0.2964734257,0.3685726358,0.3233519101,0.4201760174
t3,0.307551126,0.3526013068,0.2771821463,0.3652307104,0.3509348535,0.335163353,0.2766418987,0.352681703,0.4055707018,0.3353406915,0.3425410026,0.3125982696,0.3564147613,0.3026703131,0.3676630112,0.3767645814,0.3181164765,0.3584010471,0.3657121206,0.4396944573
t3,0.3070777703,0.3726014935,0.2519815712,0.4146494796,0.3501642926,0.3660351558,0.2449413243,0.3387036557,0.4142401851,0.340292546,0.3685055748,0.2900327219,0.3843998684,0.3196149486,0.4238048963,0.3730214658,0.2865838728,0.3660703785,0.3358611694,0.427828344
t3,0.307787763,0.3833287429,0.2085789242,0.3769867036,0.3483471646,0.3805154021,0.2637050775,0.338656017,0.3886745691,0.2725117855,0.3101862135,0.2815677482,0.3874739648,0.2770381765,0.3607971328,0.3827691736,0.2342629892,0.3580933622,0.3116509078,0.406391575
t3,0.3090596887,0.3415205817,0.2520152619,0.4157567607,0.3323030972,0.3855919585,0.2528187577,0.3337906512,0.3368573764,0.1695322183,0.289279177,0.2829151004,0.3352503958,0.2554138966,0.3234332844,0.3846913774,0.2647193274,0.3134863234,0.305231362,0.3965066538
t3,0.3016986313,0.3508593471,0.2819919424,0.5131796323,0.3013310129,0.3707602924,0.2283307552,0.3221896014,0.3122343553,0.2202894503,0.2724320305,0.282905386,0.3421776766,0.2180629057,0.2944538522,0.3940879923,0.2657819068,0.2933285474,0.3075092171,0.3937776477
t3,0.2785438418,0.5377556712,0.3000212391,0.5154333274,0.3041286133,0.365808368,0.2254633735,0.2408054882,0.3199355891,0.2236193096,0.2836282851,0.2797547251,0.3690976207,0.2341489266,0.29688636,0.4013960548,0.2608529321,0.189792726,0.3081122485,0.3971168919
t3,0.3058174812,0.5368726815,0.2999685211,0.3317164836,0.3047885052,0.3631540209,0.2199341878,0.2236062113,0.2574999464,0.2060174958,0.2808232781,0.2662129745,0.347345041,0.2263100894,0.3157604778,0.400371604,0.26716551,0.1212618378,0.3043191596,0.393618551
t3,0.2401799254,0.4564777314,0.2347187868,0.3902047795,0.2296555309,0.365102807,0.1834776698,0.2276955767,0.2404057991,0.245135404,0.2675419598,0.2663576059,0.4066697724,0.2251240448,0.4449500616,0.3194818489,0.2175936567,0.1162613029,0.314891763,0.3906276768
t3,0.2791227974,0.4395042146,0.2407049016,0.6364122289,0.2272886731,0.3630998916,0.1950091193,0.2879289247,0.211359149,0.3187524321,0.2782682911,0.2039537604,0.5256115236,0.269495422,0.4489687318,0.3067100853,0.1871442208,0.0900506584,0.3303648686,0.3636061877
t3,0.3056983339,0.5262422468,0.2130865201,0.5661530337,0.144699749,0.3563441399,0.1945318423,0.2955460993,0.1897399951,0.31918139,0.2547475385,0.1563042639,0.5237597923,0.2859560378,0.5329140314,0.3443675015,0.1856438764,0.0674372342,0.328841781,0.3227365348
t3,0.2745475493,0.1090230018,0.2085971482,0.5573175016,-0.0524210454,0.3395644042,0.1913643688,0.2974033578,0.071328335,0.3196525678,0.2336220745,0.065532214,0.4950850852,0.2883653628,0.5334578693,0.2580868272,0.1899141931,0.0641924095,0.328292713,0.2480937098
t4,0.1,0.1,0.1,0.1,0.1,0.1,0.1,0.1,0.1,0.1,0.1,0.1,0.1,0.1,0.1,0.1,0.1,0.1,0.1,0.1
t4,0.0998259599,0.1007682866,0.1008472547,0.1004016653,0.1000936196,0.1001568936,0.100156509,0.1005639063,0.0999874897,0.1017856655,0.1000077736,0.1000669103,0.1007107255,0.1000557403,0.1000976526,0.1001130772,0.0998877188,0.1000082336,0.1001187276,0.1004548112
t4,0.101929643,0.0983035446,0.0999043714,0.0996081594,0.1024708901,0.0996449092,0.0990537468,0.1002182277,0.1001247615,0.0986583021,0.1000023624,0.0997107352,0.098718006,0.099894008,0.1024248575,0.0999836616,0.1007608368,0.1003285436,0.1000537493,0.1070945883
t4,0.0867382494,0.0953950327,0.0885148761,0.0957312855,0.0991191455,0.0993398847,0.0960742131,0.0982477898,0.0976132093,0.0937883895,0.0998964812,0.1018877276,0.1023174153,0.0999259634,0.1034853462,0.1028996876,0.0948121581,0.1019014285,0.097544219,0.112028772
t4,0.0835723498,0.0929497223,0.0760675043,0.0966112736,0.0927145388,0.0962537993,0.0923811452,0.0816244869,0.1093235316,0.0861455077,0.0929149153,0.1021254541,0.1022787963,0.0992798071,0.1041500635,0.0977011948,0.0644621795,0.0995441122,0.0816545823,0.1097619175
t4,0.0634834427,0.0924394023,0.0619709537,0.0935948845,0.0746780052,0.0934324016,0.0663229371,0.049340187,0.092906142,0.0451821537,0.0865526336,0.1057639583,0.1031430979,0.0986389113,0.1199450415,0.0869991395,0.0517779456,0.101141078,0.068397642,0.1046884526
t4,0.0503833996,0.1055667582,0.0330836501,0.0570402017,0.0318848446,0.0877866208,0.0468603088,0.0419210931,0.0630121983,0.0531679215,0.0817818898,0.1053185766,0.1087713759,0.097311057,0.112187119,0.0584212596,0.0537141704,0.0981287638,0.067610018,0.0862168766
t4,0.0578447983,0.1078633548,0.0195778345,0.0306749845,0.0402455102,0.0654153056,0.0514245885,0.0311797961,0.0570604455,0.033918572,0.0325158285,0.1041308608,0.0990204207,0.0907532137,0.1091243336,0.0494727445,0.0056614305,0.0577219891,0.0765737544,0.0592437634
t4,0.0033726033,0.1242405103,0.0556643649,0.0141823777,0.0210028024,0.0597575843,-0.0151379777,0.0545281126,0.0687676768,0.0084265314,0.0394241626,0.0814074012,0.0728552237,0.0985780936,0.0514354745,0.0305849753,0.111018142,0.0150846761,0.043653221,0.0586286196
t4,0.0190296453,0.0885576094,0.0122869962,0.0024736632,0.0649583899,0.0519341473,0.0405928489,0.0053166021,0.0935781346,0.0172983193,0.0338864143,0.0931958704,0.0567882171,0.0969145636,0.1535364513,0.0262591993,0.1275654911,0.0265311228,-0.0044837487,0.1441067793
t4,0.0173887334,0.0566487243,0.0353316004,-0.0768314661,0.0633889788,0.0336049497,-0.001605112,0.0167043591,0.0896251105,0.0030662436,-0.0693193275,0.0939139677,0.0319375329,0.0889850592,0.0386244717,0.0352900421,0.1096239427,0.0027024675,0.0276024614,0.1742093996
t4,0.0242042075,0.0592661878,0.0326830626,-0.0014203825,0.0580110645,0.0157554118,-0.0416009151,0.0171959173,0.1595336801,0.0328571384,0.0269717701,0.1061775837,0.0506636148,0.1198079553,0.0392049801,0.0587123238,0.0600735256,0.030062365,0.0164616556,0.1500940193
t4,0.0241016199,0.2389444624,0.0347297989,0.002651973,0.0584101786,0.0183804616,-0.0408426241,0.0058727877,0.0760677583,0.0358555617,0.009418889,0.1076721469,0.1965992575,0.1244602295,0.2299223791,0.0592952423,0.0192649471,0.0107199178,0.0354939625,0.1556784941
t4,-0.0123203981,0.2505935857,0.0341511747,0.1651199359,0.062785852,0.043530262,-0.090973285,0.0470556396,0.0807943724,0.0058250604,0.0098363401,0.1074620445,0.1453450721,0.1311847482,0.232039094,0.0650203547,0.0303990562,0.055704115,0.0224639687,0.1504470639
t4,0.0228322944,0.2382937694,0.0205963662,0.1619391287,0.0951795891,0.0883750826,-0.078678862,0.0202460509,0.0649198879,0.0188735244,-0.030711346,0.1048028713,0.1616201014,0.0557703671,0.2448140892,0.0607265426,-0.0256518322,0.0011039663,0.0092978526,0.1391664469
t4,-0.0215280511,0.2447267067,0.0205553298,0.1504879272,0.0921338922,0.0936876423,-0.0702995561,0.0654755528,0.0564120917,-0.0918686549,-0.0287274443,0.0769781566,0.1735668267,0.0684037917,0.292092074,0.0465809431,-0.0237325028,0.0451155902,0.027404614,0.147153098
t4,0.0198267323,0.1794572352,-0.0295674739,0.0450815931,-0.0009519524,0.0966965718,-0.1057077162,0.0586385024,-0.0033296591,-0.0890973365,-0.0759952511,0.1208288096,0.2204576243,0.0652120505,0.4288964161,0.3219825074,-0.0565846298,0.003856901,0.0556014057,0.1515368627
t4,0.0528655025,0.216608264,-0.068742598,0.0575936444,0.0159448139,0.0948432453,-0.0854969955,0.095715793,-0.0695874506,-0.063024628,-0.0212625161,0.096573058,0.1857520429,0.0987620701,0.4512598,0.3066646996,-0.0830006783,-0.0178227885,0.0579780876,0.1469178953
t4,-0.0173531296,0.1114151777,-0.0308521541,0.047193587,0.0083505243,0.0868848203,-0.0838698989,0.0411587787,-0.0713402162,-0.0665549569,-0.0043169588,0.1056019339,0.1958292354,0.0798750603,0.2949695327,0.2041433101,-0.0767388475,-0.0923860933,0.0403263208,0.2306653255
t4,-0.0925826479,0.4591366053,-0.0344270746,-0.0897124323,-0.0911577069,0.1196841177,-0.1027442334,0.0439439499,0.1270633253,-0.0656450143,-0.0280455624,0.1813439389,0.2072571985,0.0835010291,0.2954560729,0.3198677949,-0.0914095229,-0.0279092903,0.0302587046,0.3559045586
t5,0.7,0.7,0.7,0.7,0.7,0.7,0.7,0.7,0.7,0.7,0.7,0.7,0.7,0.7,0.7,0.7,0.7,0.7,0.7,0.7
t5,0.6998259599,0.7007682866,0.7008472547,0.7004016653,0.7000936196,0.7001568936,0.700156509,0.7005639063,0.6999874897,0.7017856655,0.7000077736,0.7000669103,0.7007107255,0.7000557403,0.7000976526,0.7001130772,0.6998877188,0.7000082336,0.7001187276,0.7004548112
t5,0.7014766808,0.6978578549,0.6996935218,0.6994360148,0.7025423914,0.6993391152,0.6985081849,0.7001461616,0.7001097404,0.6981247947,0.7000023189,0.6996220981,0.6984394629,0.6998535725,0.7025500159,0.6999734793,0.7006353602,0.7003382714,0.7000368279,0.7075617522
t5,0.6843651951,0.6952442192,0.6897061859,0.6959861302,0.6970297931,0.6990255402,0.6954671303,0.6989133906,0.6974156619,0.6941853377,0.69882307,0.7017542622,0.7014297965,0.6998841398,0.703889907,0.7018812792,0.6933751261,0.7020199625,0.6977393632,0.7137797641
t5,0.6817701216,0.6948430917,0.6792654488,0.6966823298,0.6898259557,0.6989757974,0.6947844278,0.6846536932,0.7068059506,0.6904818441,0.6911893257,0.7022604417,0.6981564265,0.7000131193,0.7047862916,0.6943076854,0.6658173544,0.6963456023,0.6842085642,0.711077044
t5,0.7068367302,0.6949568936,0.6812219913,0.6974915387,0.680378524,0.6974337281,0.6962371974,0.6640182997,0.6799785837,0.6748795219,0.6901978391,0.7043506831,0.7017849545,0.699499433,0.7169968616,0.6843491525,0.6553768598,0.698165823,0.6765682875,0.6996942538
t5,0.6970132197,0.6928643301,0.6731296733,0.6878366878,0.6530991568,0.6964082428,0.6822604133,0.658938878,0.6494629806,0.6812174037,0.6890715915,0.7037699374,0.7110000138,0.6991800759,0.6997292414,0.6690375417,0.6539487183,0.7063618884,0.6764836447,0.6821128388
t5,0.6945244329,0.6960377079,0.6656560053,0.6684226201,0.6579178531,0.6912079959,0.6817656,0.6689975739,0.6449421142,0.7038278655,0.679846431,0.7032977478,0.7067233998,0.6995837787,0.6926372129,0.6644091034,0.7015364606,0.6947436724,0.6752248667,0.6582920031
t5,0.7005690891,0.7396557797,0.6823331764,0.6670551263,0.7200004593,0.687805401,0.7054671163,0.6707337067,0.6889860426,0.6942974633,0.6871198142,0.6866343446,0.7083901196,0.7017967575,0.6446901844,0.6813648912,0.8035129585,0.6719808801,0.6678365333,0.65795131
t5,0.7205678995,0.724739838,0.7104868135,0.6705944557,0.7404350113,0.6918564688,0.774005968,0.6742387026,0.7053782195,0.7008832838,0.7135178236,0.6961030996,0.6996633861,0.6939734908,0.7580510947,0.6795130579,0.7924562592,0.6766679753,0.6146572936,0.8224001198
t5,0.7202243105,0.6942647704,0.7454291569,0.6572501237,0.7399321521,0.6780269657,0.8182836247,0.6945833946,0.7807096596,0.692932407,0.7160265171,0.7389783893,0.6832382567,0.6942897022,0.7463436699,0.6845741259,0.7245040462,0.7070251737,0.6423681823,0.8227885024
t5,0.7218403329,0.7069641666,0.7665334209,0.8123828214,0.7112856687,0.654003484,0.78616154,0.6938368465,0.8338862842,0.7824846692,0.8076920696,0.7386198117,0.7072728391,0.6759405915,0.5691638099,0.7115545406,0.7799718426,0.7385330718,0.6905873797,0.9137669503
t5,0.7203514259,0.884431136,0.7689085164,0.7628482661,0.7483708914,0.654545743,0.7966915142,0.6926794038,0.823306763,0.8214364972,0.8401797053,0.7370195092,0.8924502112,0.6965292234,0.4851515716,0.7119381522,0.7415839021,0.7427351357,0.7053482765,0.909751366
t5,0.7321060943,0.8432028656,0.7699727555,0.8365331139,0.7883150138,0.7348828694,0.8010038291,0.7013335536,0.8568129975,0.7853357078,0.8758635024,0.7371218203,0.9828957395,0.759278947,0.5399926026,0.7069776493,0.7437012451,0.7670256393,0.7165664415,0.8961663459
t5,0.7326851609,0.8896911145,0.7562084872,0.8373335835,0.7812754856,0.7223114153,0.8065103088,0.8546677937,0.8964208825,0.7814951711,0.885469294,0.7423263208,0.979147205,0.7629759289,0.4707031313,0.6752727299,0.7401847309,0.8476897748,0.7185277882,0.8791858419
t5,0.8211033302,0.8890475394,0.7561567124,0.9873006764,0.7792529981,0.7240155823,0.8118222066,0.8955674323,0.8737612708,0.7905657812,0.8926277201,0.7364960994,0.9710096556,0.775869476,0.4858817852,0.6811648326,0.7394155311,0.8941311909,0.7183064353,0.8808165
t5,0.8759016745,0.9357399615,0.7750411644,0.9472025417,0.786173417,0.722162632,0.8206090456,0.9001576408,0.8905341937,0.7245750575,0.8933964605,0.7614378479,0.9861845389,0.7746748803,0.3747530767,0.8428359174,0.7496101417,0.9030128653,0.7240319328,0.8708880063
t5,0.8068185982,0.9244460068,0.7724717504,1.246921021,0.7845244884,0.7235346033,0.8149071709,0.8759672385,0.9070638745,0.6464958139,0.8792715401,0.7884424639,0.8862936163,0.7150190595,0.3865907538,0.8303038978,0.7664037026,0.8851824635,0.698157453,0.887599818
t5,0.8117137329,0.9442900396,0.6007147621,1.300183964,0.4854259658,0.7324021353,0.8165572186,0.847214063,0.9612644661,0.6456660632,0.9065909627,0.835780696,0.9011201556,0.6978823451,0.2134425231,0.8639332183,0.7667847702,0.8795718522,0.7202599794,0.9644014429
t5,0.7425032894,1.1497151469,0.6040753073,1.1419316454,0.5641960681,0.7374419028,0.8158753314,0.8490874422,0.9640379372,0.645319096,0.9168138028,0.8163261699,0.812061789,0.6986434099,0.2141754426,0.9500303581,0.7726509859,0.9505391842,0.7151007467,1.1068882652
t6,1.5,1.5,1.5,1.5,1.5,1.5,1.5,1.5,1.5,1.5,1.5,1.5,1.5,1.5,1.5,1.5,1.5,1.5,1.5,1.5
t6,1.4982595993,1.5076828659,1.5084725471,1.504016653,1.5009361957,1.5015689357,1.5015650902,1.505639063,1.4998748968,1.5178566546,1.5000777358,1.5006691028,1.5071072546,1.5005574028,1.5009765262,1.5011307721,1.4988771876,1.5000823359,1.5011872756,1.5045481123
t6,1.5215562955,1.4852896311,1.5001116985,1.4969500012,1.5243513771,1.4979837451,1.4932712825,1.5025469816,1.5013227438,1.4893457272,1.500023841,1.4975514283,1.4885872183,1.4991426134,1.5236224594,1.4998875744,1.5082351024,1.5032367532,1.5006222256,1.5685969326
t6,1.3721904901,1.4513102088,1.3527271416,1.4484923264,1.5039234103,1.4947740701,1.4617483583,1.4675869906,1.4766765537,1.425700342,1.5045964123,1.5207377968,1.5319266119,1.4995060678,1.5322907164,1.5370816827,1.4514962985,1.5183185715,1.4680023273,1.6081446218
t6,1.3333412244,1.4218050978,1.2253773868,1.4577306077,1.4291985578,1.4473520941,1.4088388943,1.3003787896,1.6110710016,1.3436457608,1.4314212843,1.5220429748,1.5375618238,1.4904212425,1.5240925234,1.4861716002,1.0967171775,1.519682404,1.3037902606,1.6062576072
t6,1.01885656,1.4186509998,1.0583654184,1.4228523215,1.1711593177,1.422818493,1.2122766101,0.9409935306,1.458041837,0.9917174654,1.3229962542,1.5389196961,1.5678842067,1.4844833265,1.6790324146,1.3302609897,0.957842563,1.5370952156,1.1572852218,1.530972796
t6,0.9240979895,1.4214402415,0.8807060881,1.1905313009,0.7562812053,1.3781946969,1.0674356905,0.8688096983,0.9786747312,1.0583583514,1.2784604233,1.5323232882,1.5305441027,1.4699395771,1.6083149643,0.9870244062,0.9930234583,1.4150136184,1.1496587483,1.2710418782
t6,0.9660870808,1.4678551693,0.8071937169,0.9965576597,0.8312528089,1.2512454651,1.1102881156,0.7785643639,0.8780572825,0.9731407372,0.9295688242,1.5133041512,1.4478916428,1.4249233691,1.486429055,0.9014190423,0.7251268664,1.1036456123,1.197999849,0.9021855065
t6,0.9395923776,1.50300331,1.0018384565,0.8455511421,0.7535094785,1.2168537007,0.895181831,0.8273494319,0.6281228896,0.916711866,0.9923280932,1.2833533298,1.2801901041,1.4606177982,0.6006548949,0.7630089403,1.2323635354,0.8151962096,1.1040279213,0.8590899563
t6,1.0061541703,1.3057467264,1.1063551431,0.7883027143,0.8167529672,1.2042405347,1.3540293289,1.0073137116,0.7497352524,0.931465351,0.8705304949,1.4071612393,1.1697937852,1.3757609544,1.6459417846,0.7485160059,1.1660802875,0.9049258686,0.7905539706,0.6079825405
t6,1.0028760878,0.9918896687,1.2117420798,0.6468577664,0.8239761269,1.1350737696,1.451058518,1.0421488305,0.5991327986,1.0080915391,0.6161411794,1.331849444,0.9252233242,1.2100673597,1.6219766365,0.771608557,1.274242049,0.9064265033,1.288507611,0.7162623426
t6,1.0018573983,1.2355973802,1.3385212928,1.5561679771,0.8125177093,0.9276848877,1.5179929533,1.0350131005,0.7864206083,1.4513281499,0.9730196373,1.3524270948,1.1602726172,1.4321655297,1.6846301643,0.8951063529,1.376925417,1.0428346453,1.3486680828,0.8005737171
t6,0.9426982035,1.1874833387,1.3009710182,1.5358699694,1.126671986,1.0565659579,1.5109298668,0.8224446193,0.931552073,1.4966033906,1.2439509598,1.2819707703,0.829403526,1.5836083659,1.2434590907,0.9025530646,1.1757318891,0.8578708371,1.310401984,0.7327832308
t6,0.6222340421,1.1954855138,1.2460200979,1.2834368989,1.0808536016,0.9551903304,1.4342150056,1.0815550801,1.0954171641,1.1378596944,1.2032021666,1.2805620753,0.7040112771,1.4374293117,1.5405256097,0.9498756976,1.2101794937,1.1749700683,1.2387889018,0.7411698099
t6,0.6843948469,0.7872507788,1.0602407113,1.2426161136,1.0671083902,0.9639585758,1.4141540383,1.5183454626,1.2688578612,1.1710436038,1.286127954,1.3029261904,0.7116406527,1.3505379035,1.6914268386,0.7258890995,1.3974140538,1.5968823032,1.2285840996,0.611507376
t6,1.7295283479,0.8247019799,1.0597433811,0.0836696903,1.043639748,1.0031036283,1.4949089306,1.4800985017,1.0175251125,1.47557323,1.2708650552,0.983668266,0.8050371749,1.3368819766,1.6218133559,1.1173201413,1.4311173233,1.3749533051,1.1112222762,0.6880183757
t6,1.7185082787,0.4447620567,0.8116153547,0.0610025503,0.6606870942,1.0160212833,1.3613378074,1.447822654,0.8441022088,1.572205503,1.1177766652,1.1396544126,1.1638928661,1.3137784816,2.1157505632,1.0238698002,1.309050397,1.3003940501,1.3986269335,0.7742967415
t6,1.7743706901,0.5170553028,0.8946170514,0.7503007915,0.6247658224,1.0295203996,1.327794532,1.4844371,1.0810125602,1.4814146938,1.1006237064,1.1876765023,1.1075461655,1.3247617378,2.1585880991,0.9879261849,1.3831764704,1.3412540925,1.3935456309,0.8151765155
t6,1.4382354101,1.1443871955,1.0733294759,1.0922749355,1.0909373244,0.9003770947,1.3446771578,1.1841956438,0.9288097317,1.4541453202,1.2372567315,0.7001508717,1.242831819,1.1378536658,1.4064362611,0.3366268425,1.4494025698,1.037104322,1.1944682928,0.2859401514
t6,1.4498385352,0.1775594115,1.0744380386,1.2717229582,1.1926351319,0.9519249799,1.270627461,1.1936115449,1.2968377067,1.4565130606,0.9933263113,0.838320593,0.5441306009,1.153284574,1.4128219137,1.0400292876,1.4323058657,1.3264756666,1.1733608072,0.677427353
