Parameter,Actual values,Case 2 : CE,Case3 : Dual,,diffrence in controlers,CE offset,Dual offse
xk_1,0.5,0.5,0.5,,0.0,0.0,0.0
xk_1,0.5,0.5000653834049456,0.5000653834049456,,0.0,-6.53834049455515e-05,-6.53834049455515e-05
xk_1,0.5,0.5004289485216625,0.5004289485216625,,0.0,-0.00042894852166253106,-0.00042894852166253106
xk_1,0.5,0.499361539674692,0.499361539674692,,0.0,0.0006384603253080101,0.0006384603253080101
xk_1,0.5,0.49889079843981504,0.49889079843981504,,0.0,0.001109201560184958,0.001109201560184958
xk_1,0.5,0.5009319892733826,0.5009319892733826,,0.0,-0.0009319892733825608,-0.0009319892733825608
xk_1,0.5,0.5005108360577089,0.5005108360577089,,0.0,-0.0005108360577088522,-0.0005108360577088522
xk_1,0.5,0.5004983204769962,0.5004983204769962,,0.0,-0.0004983204769961613,-0.0004983204769961613
xk_1,0.5,0.5014083872547171,0.5014083872547171,,0.0,-0.0014083872547171472,-0.0014083872547171472
xk_1,0.5,0.5013998293915877,0.5013998293915877,,0.0,-0.0013998293915876703,-0.0013998293915876703
xk_1,0.5,0.5027170586414763,0.5027170586414763,,0.0,-0.002717058641476311,-0.002717058641476311
xk_1,0.5,0.5022068565717264,0.5022068565717264,,0.0,-0.0022068565717263677,-0.0022068565717263677
xk_1,0.5,0.5000393900256596,0.5000393900256596,,0.0,-3.939002565955807e-05,-3.939002565955807e-05
xk_1,0.5,0.49877935151548797,0.49877935151548797,,0.0,0.0012206484845120325,0.0012206484845120325
xk_1,0.5,0.4988591446874076,0.4988591446874076,,0.0,0.0011408553125923926,0.0011408553125923926
xk_1,0.5,0.4994480011974691,0.5019137908690762,,-0.0024657896716070438,0.0005519988025308731,-0.0019137908690761707
xk_1,0.5,0.49876695108016794,0.5000100152036056,,-0.0012430641234376094,0.0012330489198320582,-1.0015203605551193e-05
xk_1,0.5,0.4987990198378872,0.49930675142026537,,-0.000507731582378157,0.0012009801621127858,0.0006932485797346288
xk_1,0.5,0.5001041955775649,0.5002537597083024,,-0.00014956413073752284,-0.00010419557756491393,-0.00025375970830243677
xk_1,0.5,0.5010501526409499,0.5010588902949331,,-8.737653983237337e-06,-0.0010501526409498751,-0.0010588902949331125
xk_1,0.5,0.5038024338276503,0.5037804066811901,,2.2027146460268376e-05,-0.003802433827650331,-0.0037804066811900627
xk_1,0.5,0.5041070627162406,0.5040896390440051,,1.7423672235561405e-05,-0.004107062716240617,-0.004089639044005056
xk_1,0.5,0.5017443966627079,0.5016198092805009,,0.0001245873822069976,-0.00174439666270787,-0.0016198092805008724
xk_1,0.5,0.49959860205972917,0.49941862401573117,,0.000179978043997997,0.0004013979402708312,0.0005813759842688282
xk_1,0.5,0.4970479484535636,0.4968891020615659,,0.00015884639199770234,0.002952051546436407,0.0031108979384341096
xk_1,0.5,0.4957156958595791,0.4955960216949005,,0.00011967416467856262,0.004284304140420914,0.004403978305099476
xk_1,0.5,0.494177052720059,0.4941114867449866,,6.556597507240136e-05,0.005822947279940982,0.005888513255013383
xk_1,0.5,0.49213512422848893,0.4921115137970456,,2.3610431443332747e-05,0.00786487577151107,0.007888486202954403
xk_1,0.5,0.49046494412206854,0.490348568249142,,0.00011637587292651075,0.009535055877931464,0.009651431750857975
xk_1,0.5,0.489784705772955,0.4896305725461261,,0.00015413322682894526,0.01021529422704498,0.010369427453873925
xk_1,0.5,0.48798965762619934,0.4878728236781746,,0.00011683394802475267,0.012010342373800664,0.012127176321825417
xk_1,0.5,0.48767573053191415,0.4876163395621273,,5.939096978685443e-05,0.012324269468085847,0.012383660437872701
xk_1,0.5,0.48798357169777556,0.48796341567765295,,2.015602012261919e-05,0.012016428302224436,0.012036584322347055
xk_1,0.5,0.48942204685449714,0.48942380555403525,,-1.7586995381124737e-06,0.01057795314550286,0.010576194445964748
xk_1,0.5,0.492998981964245,0.49300925749402835,,-1.0275529783332349e-05,0.00700101803575498,0.006990742505971648
xk_1,0.5,0.49524504642597666,0.4952577667914528,,-1.2720365476115436e-05,0.004754953574023335,0.00474223320854722
xk_1,0.5,0.4962135276101626,0.4962261955191955,,-1.266790903292625e-05,0.0037864723898374253,0.003773804480804499
xk_1,0.5,0.4963691527834038,0.49638112788822797,,-1.1975104824146765e-05,0.003630847216596178,0.0036188721117720313
xk_1,0.5,0.49674322383567754,0.4967537474667388,,-1.0523631061243321e-05,0.0032567761643224613,0.003246252533261218
xk_1,0.5,0.4977269787062863,0.49773604877541766,,-9.070069131367209e-06,0.002273021293713706,0.002263951224582339
xk_1,0.5,0.5008696031519719,0.5008771894828689,,-7.586330896924842e-06,-0.0008696031519719316,-0.0008771894828688565
xk_1,0.5,0.50188670355616,0.5018932847211889,,-6.581165028829439e-06,-0.001886703556160052,-0.0018932847211888815
xk_1,0.5,0.5012345221175526,0.5012405800572429,,-6.057939690329306e-06,-0.0012345221175525944,-0.0012405800572429238
xk_1,0.5,0.502005249864538,0.502010847315579,,-5.597451041006174e-06,-0.0020052498645379835,-0.0020108473155789897
xk_1,0.5,0.5014900715275651,0.5014952750513707,,-5.20352380561917e-06,-0.0014900715275650844,-0.0014952750513707036
xk_1,0.5,0.5017918328640815,0.5016794217188094,,0.0001124111452720511,-0.0017918328640814662,-0.0016794217188094152
xk_1,0.5,0.5009445994002568,0.5007737661798701,,0.00017083322038669024,-0.0009445994002568181,-0.0007737661798701279
xk_1,0.5,0.4992262374867595,0.4990877373136058,,0.00013850017315369945,0.0007737625132405168,0.0009122626863942163
xk_1,0.5,0.4970345287063494,0.49695345375021577,,8.107495613363103e-05,0.002965471293650601,0.003046546249784232
xk_1,0.5,0.49154013249854456,0.4915122360875165,,2.7896411028072166e-05,0.008459867501455443,0.008487763912483515
xk_1,0.5,0.49370013595290346,0.4935772504251766,,0.00012288552772687922,0.006299864047096537,0.0064227495748234165
xk_1,0.5,0.4929026670314981,0.49278773761221056,,0.00011492941928753497,0.0070973329685019015,0.0072122623877894365
xk_1,0.5,0.49429244456775157,0.4940920070365765,,0.00020043753117504615,0.0057075554322484345,0.005907992963423481
xk_1,0.5,0.49839385507178946,0.4981784622394798,,0.00021539283230964656,0.00160614492821054,0.0018215377605201866
xk_1,0.5,0.49999850609096547,0.49984592307799275,,0.00015258301297271792,1.4939090345333916e-06,0.00015407692200725132
xk_1,0.5,0.49840326065576657,0.4983183060751647,,8.495458060187033e-05,0.0015967393442334332,0.0016816939248353036
xk_1,0.5,0.49793454989677594,0.4978940040294559,,4.0545867320052054e-05,0.0020654501032240646,0.0021059959705441167
xk_1,0.5,0.49759899497793975,0.49758385967355806,,1.5135304381685977e-05,0.002401005022060254,0.00241614032644194
xk_1,0.5,0.495854073951959,0.495850350538841,,3.723413117995289e-06,0.004145926048040982,0.004149649461158977
xk_1,0.5,0.4957076264927724,0.49570761642773464,,1.0065037747697403e-08,0.004292373507227609,0.004292383572265357
xk_1,0.5,0.49570880526564953,0.4957095424779298,,-7.37212280277344e-07,0.0042911947343504675,0.00429045752207019
xk_1,0.5,0.49445473274426444,0.4944550091411607,,-2.763968962593566e-07,0.005545267255735564,0.005544990858839305
xk_1,0.5,0.4935152871890281,0.4935149063360384,,3.808529897009194e-07,0.006484712810971904,0.006485093663961605
xk_1,0.5,0.49266577990893357,0.4926649908109829,,7.890979506486318e-07,0.007334220091066435,0.007335009189017083
xk_1,0.5,0.49134846582178926,0.4913475072688424,,9.585529468503218e-07,0.00865153417821074,0.00865249273115759
xk_1,0.5,0.49226764583882227,0.49226632159053585,,1.3242482864161964e-06,0.007732354161177735,0.007733678409464151
xk_1,0.5,0.4915197903441026,0.4915184850070497,,1.3053370528925967e-06,0.008480209655897408,0.008481514992950301
xk_1,0.5,0.4917381606027076,0.4917367062088663,,1.4543938413047464e-06,0.008261839397292414,0.008263293791133719
xk_1,0.5,0.4908555702278375,0.4908542010872467,,1.3691405907900744e-06,0.00914442977216251,0.0091457989127533
xk_1,0.5,0.4894303113998086,0.4894291056872308,,1.2057125777786837e-06,0.010569688600191418,0.010570894312769197
xk_1,0.5,0.48844562744729114,0.488444469786242,,1.1576610491337291e-06,0.011554372552708858,0.011555530213757992
xk_1,0.5,0.48766550834691574,0.48766437591546186,,1.132431453887417e-06,0.012334491653084256,0.012335624084538144
xk_1,0.5,0.48431097841031545,0.4841872632295332,,0.00012371518078224675,0.01568902158968455,0.015812736770466795
xk_1,0.5,0.48580984558296186,0.4856299653297674,,0.00017988025319448653,0.014190154417038137,0.014370034670232623
xk_1,0.5,0.4855733461633282,0.4854263563997684,,0.00014698976355981275,0.014426653836671799,0.014573643600231612
xk_1,0.5,0.4865638719567843,0.486476418325672,,8.745363111228865e-05,0.0134361280432157,0.013523581674327989
xk_1,0.5,0.4871105000864707,0.486944904420465,,0.0001655956660057134,0.012889499913529279,0.013055095579534992
xk_1,0.5,0.48828255049611413,0.48809249472717986,,0.0001900557689342719,0.011717449503885868,0.01190750527282014
xk_1,0.5,0.4903283557008507,0.49019240341850673,,0.00013595228234397627,0.009671644299149296,0.009807596581493272
xk_1,0.5,0.4919971950222643,0.49192115227349065,,7.604274877365258e-05,0.0080028049777357,0.008078847726509353
xk_1,0.5,0.4939348659341495,0.49378486911813047,,0.0001499968160190157,0.006065134065850519,0.006215130881869535
xk_1,0.5,0.49631750060350543,0.4961344136591909,,0.00018308694431451444,0.003682499396494565,0.0038655863408090796
xk_1,0.5,0.49465080214997303,0.4945044531278223,,0.00014634902215071577,0.0053491978500269655,0.005495546872177681
xk_1,0.5,0.4943680891943277,0.4942809303012729,,8.715889305477287e-05,0.005631910805672324,0.005719069698727097
xk_1,0.5,0.49413719526569805,0.4940909793894111,,4.621587628694801e-05,0.005862804734301952,0.0059090206105889
xk_1,0.5,0.49440073761884173,0.4943786004741818,,2.213714465992833e-05,0.005599262381158265,0.005621399525818194
xk_1,0.5,0.4933543771816399,0.4933444563818788,,9.920799761087284e-06,0.00664562281836012,0.006655543618121207
xk_1,0.5,0.4925651207385153,0.4925609648255178,,4.155912997516609e-06,0.007434879261484673,0.007439035174482189
xk_1,0.5,0.4929399673626751,0.492937937895236,,2.0294674391019285e-06,0.007060032637324909,0.007062062104764011
xk_1,0.5,0.49427931588997326,0.494277724974053,,1.5909159202798229e-06,0.005720684110026741,0.005722275025947021
xk_1,0.5,0.4963714107936594,0.49636965678922285,,1.754004436527179e-06,0.0036285892063406266,0.003630343210777154
xk_1,0.5,0.4979958064028434,0.4979939808753026,,1.8255275407996763e-06,0.0020041935971565894,0.002006019124697389
xk_1,0.5,0.49820767002543986,0.49820614940886565,,1.5206165742132072e-06,0.0017923299745601362,0.0017938505911343494
xk_1,0.5,0.4970723262826025,0.49707114931435165,,1.17696825086e-06,0.0029276737173974943,0.0029288506856483543
xk_1,0.5,0.496269964756742,0.4962691124007554,,8.523559866246977e-07,0.0037300352432579897,0.0037308875992446144
xk_1,0.5,0.49613251436595,0.49613191491652553,,5.994494244876414e-07,0.003867485634049983,0.0038680850834744707
xk_1,0.5,0.49547214163046105,0.4954716732282138,,4.684022472667415e-07,0.004527858369538951,0.0045283267717862175
xk_1,0.5,0.48182268395271816,0.48123107897692274,,0.0005916049757954123,0.018177316047281844,0.018768921023077256
xk_1,0.5,0.48969539556502817,0.4889257096171549,,0.0007696859478732443,0.010304604434971831,0.011074290382845076
xk_1,0.5,0.49087729917369183,0.490229154368037,,0.0006481448056548378,0.009122700826308172,0.00977084563196301
xk_2,350.0,350.0,350.0,,0.0,0.0,0.0
xk_2,350.0,349.99617013264145,349.99617013264145,,0.0,0.0038298673585472898,0.0038298673585472898
xk_2,350.0,349.8595212784894,349.8595212784894,,0.0,0.14047872151058982,0.14047872151058982
xk_2,350.0,350.77576535913863,350.77576535913863,,0.0,-0.7757653591386315,-0.7757653591386315
xk_2,350.0,349.6885337096691,349.6885337096691,,0.0,0.311466290330884,0.311466290330884
xk_2,350.0,349.35119078368285,349.35119078368285,,0.0,0.6488092163171473,0.6488092163171473
xk_2,350.0,350.63993021861046,350.63993021861046,,0.0,-0.6399302186104592,-0.6399302186104592
xk_2,350.0,349.1467815018621,349.1467815018621,,0.0,0.8532184981378919,0.8532184981378919
xk_2,350.0,349.8460817037311,349.8460817037311,,0.0,0.1539182962688983,0.1539182962688983
xk_2,350.0,350.18705775309473,350.18705775309473,,0.0,-0.18705775309473438,-0.18705775309473438
xk_2,350.0,349.3317465203964,349.3317465203964,,0.0,0.6682534796036066,0.6682534796036066
xk_2,350.0,350.5424060964329,350.5424060964329,,0.0,-0.5424060964328987,-0.5424060964328987
xk_2,350.0,350.0727792936037,350.0727792936037,,0.0,-0.07277929360367352,-0.07277929360367352
xk_2,350.0,350.22446736782297,350.22446736782297,,0.0,-0.2244673678229674,-0.2244673678229674
xk_2,350.0,349.40267540871156,349.40267540871156,,0.0,0.5973245912884408,0.5973245912884408
xk_2,350.0,349.8741413275425,349.8673428854606,,0.006798442081901612,0.12585867245752524,0.13265711453942686
xk_2,350.0,350.13677111640044,350.22055855617094,,-0.08378743977050362,-0.13677111640043904,-0.22055855617094267
xk_2,350.0,349.879978519825,349.95898019046047,,-0.0790016706354777,0.12002148017501213,0.041019809539534435
xk_2,350.0,350.0037971437014,350.0571412034332,,-0.05334405973184175,-0.0037971437013766263,-0.05714120343321838
xk_2,350.0,349.92264700971185,349.949474971978,,-0.026827962266168015,0.0773529902881478,0.05052502802197978
xk_2,350.0,348.67627864436804,348.68820007593814,,-0.011921431570101504,1.3237213556319603,1.3117999240618587
xk_2,350.0,351.03351628565696,351.035364603216,,-0.001848317559051793,-1.0335162856569582,-1.03536460321601
xk_2,350.0,349.0512527871902,349.1316017807501,,-0.08034899355988045,0.948747212809792,0.8683982192499116
xk_2,350.0,351.1612994856858,351.20324042982344,,-0.04194094413765015,-1.1612994856857881,-1.2032404298234383
xk_2,350.0,349.5213952368956,349.55322591998026,,-0.031830683084649536,0.4786047631043857,0.4467740800197362
xk_2,350.0,350.9273814645807,350.9359385028293,,-0.00855703824856846,-0.9273814645807192,-0.9359385028292877
xk_2,350.0,349.6670082804448,349.66714049284747,,-0.00013221240266148016,0.3329917195551957,0.3328595071525342
xk_2,350.0,351.505838910966,351.50106139233924,,0.00477751862678133,-1.5058389109660197,-1.5010613923392384
xk_2,350.0,349.75339073838626,349.8241640662233,,-0.0707733278370597,0.24660926161374164,0.17583593377668194
xk_2,350.0,350.98462918549484,351.01773329941733,,-0.0331041139224908,-0.984629185494839,-1.0177332994173298
xk_2,350.0,350.97020237829867,350.9762182776996,,-0.00601589940094982,-0.9702023782986657,-0.9762182776996156
xk_2,350.0,350.4976927991482,350.49630434759126,,0.001388451556920245,-0.497692799148183,-0.49630434759126274
xk_2,350.0,350.34689788251194,350.34311109811836,,0.0037867843935828205,-0.3468978825119393,-0.3431110981183565
xk_2,350.0,349.8742097468331,349.87107520365504,,0.00313454317807782,0.1257902531668833,0.12892479634496112
xk_2,350.0,349.52670365184946,349.5245310612483,,0.002172590601162483,0.4732963481505408,0.47546893875170326
xk_2,350.0,349.71646624624736,349.7151602288199,,0.0013060174274528435,0.2835337537526357,0.2848397711800885
xk_2,350.0,349.40022124523074,349.39938817345467,,0.0008330717760713924,0.599778754769261,0.6006118265453324
xk_2,350.0,349.64395303276575,349.64333950503124,,0.0006135277345151735,0.3560469672342492,0.3566604949687644
xk_2,350.0,349.9546739635209,349.95424405485977,,0.00042990866114678283,0.04532603647908218,0.04575594514022896
xk_2,350.0,349.1903216577511,349.19000081196657,,0.00032084578452895585,0.8096783422489011,0.8099991880334301
xk_2,350.0,348.72402774439047,348.7237896457065,,0.00023809868395119338,1.2759722556095312,1.2762103542934824
xk_2,350.0,349.4761755459639,349.4759571222416,,0.00021842372228775275,0.5238244540361165,0.5240428777584043
xk_2,350.0,348.7621111337579,348.7618748457452,,0.00023628801272934652,1.2378888662420877,1.238125154254817
xk_2,350.0,348.8808405885904,348.8806054365903,,0.0002351520000729579,1.119159411409612,1.119394563409685
xk_2,350.0,349.40539734242117,349.40517328018245,,0.00022406223871485054,0.5946026575788323,0.5948267198175472
xk_2,350.0,348.17995701744076,348.25909217853956,,-0.07913516109880447,1.8200429825592437,1.7409078214604392
xk_2,350.0,349.6096351204564,349.6483834098019,,-0.03874828934550578,0.390364879543597,0.3516165901980912
xk_2,350.0,348.749779475434,348.758679443604,,-0.008899968169998829,1.2502205245659752,1.2413205563959764
xk_2,350.0,350.0774366199816,350.07529986442967,,0.0021367555519304915,-0.07743661998159723,-0.07529986442966674
xk_2,350.0,349.2435126086725,349.3211930046308,,-0.07768039595828213,0.7564873913274823,0.6788069953692002
xk_2,350.0,349.11368544724854,349.1518807783039,,-0.03819533105536266,0.8863145527514575,0.8481192216960949
xk_2,350.0,349.5443743061795,349.55459019712697,,-0.01021589094744968,0.4556256938204797,0.44540980287303
xk_2,350.0,348.4016994773369,348.4954409854262,,-0.09374150808935156,1.5983005226631235,1.504559014573772
xk_2,350.0,347.6493621629586,347.6840418242491,,-0.03467966129051092,2.350637837041404,2.315958175750893
xk_2,350.0,348.8788990812867,348.8849065406649,,-0.006007459378167823,1.1211009187132959,1.115093459335128
xk_2,350.0,348.74573506900157,348.7445696886196,,0.0011653803819626773,1.2542649309984313,1.255430311380394
xk_2,350.0,348.7666743961923,348.76290469186586,,0.003769704326430201,1.2333256038077138,1.237095308134144
xk_2,350.0,349.1974336458215,349.19451663381926,,0.002917012002228603,0.8025663541785093,0.8054833661807379
xk_2,350.0,349.10090574355706,349.09927661948007,,0.001629124076998778,0.8990942564429361,0.9007233805199348
xk_2,350.0,348.13778588578316,348.13698536948334,,0.0008005162998188098,1.8622141142168402,1.863014630516659
xk_2,350.0,348.7805035118462,348.78021087569164,,0.0002926361545405598,1.2194964881538226,1.2197891243083632
xk_2,350.0,349.18195459080613,349.18192830749024,,2.628331588994115e-05,0.8180454091938714,0.8180716925097613
xk_2,350.0,348.7224857695643,348.7225538707537,,-6.81011894130279e-05,1.2775142304357132,1.2774461292463002
xk_2,350.0,349.1165901016238,349.1166844016441,,-9.430002029375828e-05,0.8834098983762146,0.8833155983559209
xk_2,350.0,348.88457891212977,348.8846515351275,,-7.262299772037295e-05,1.1154210878702315,1.1153484648725112
xk_2,350.0,348.6943649130881,348.6944717290477,,-0.00010681595955475132,1.3056350869118774,1.3055282709523226
xk_2,350.0,348.84080134016443,348.8408752401761,,-7.390001167095761e-05,1.1591986598355675,1.1591247598238965
xk_2,350.0,348.98427465425556,348.984364834931,,-9.018067544275254e-05,1.0157253457444426,1.0156351650689999
xk_2,350.0,348.5894445813397,348.58950909947055,,-6.451813084140667e-05,1.4105554186602944,1.410490900529453
xk_2,350.0,349.39741536118976,349.3974615518555,,-4.6190665727863234e-05,0.6025846388102423,0.6025384481445144
xk_2,350.0,348.8294523619258,348.82950354512894,,-5.1183203140681144e-05,1.170547638074197,1.1704964548710564
xk_2,350.0,349.4946332155139,349.49468869758715,,-5.5482073264556675e-05,0.5053667844861138,0.5053113024128493
xk_2,350.0,348.54581654463874,348.62661766868706,,-0.08080112404832107,1.4541834553612603,1.3733823313129392
xk_2,350.0,349.3381496880239,349.37807717900534,,-0.03992749098142667,0.6618503119760817,0.621922820994655
xk_2,350.0,348.80851855513544,348.8181043550279,,-0.009585799892477098,1.1914814448645643,1.1818956449720872
xk_2,350.0,349.42034855604305,349.41960594530855,,0.0007426107345054334,0.5796514439569478,0.5803940546914532
xk_2,350.0,348.54547454175116,348.6228229930037,,-0.07734845125253287,1.4545254582488383,1.3771770069963054
xk_2,350.0,348.5856376279507,348.6163430255064,,-0.030705397555720992,1.414362372049311,1.38365697449359
xk_2,350.0,348.3846925735007,348.3910242061201,,-0.006331632619435368,1.615307426499328,1.6089757938798925
xk_2,350.0,348.5514633583283,348.54965025691337,,0.0018131014149389557,1.4485366416716943,1.4503497430866332
xk_2,350.0,347.38475978059654,347.4593795328558,,-0.07461975225925244,2.6152402194034607,2.5406204671442083
xk_2,350.0,348.5523867183136,348.5884248319236,,-0.03603811361000453,1.4476132816864151,1.4115751680764106
xk_2,350.0,348.7843006742129,348.79146798981634,,-0.007167315603453517,1.2156993257871136,1.20853201018366
xk_2,350.0,348.0891564412677,348.0887246914699,,0.0004317497977694984,1.9108435587323243,1.9112753085300938
xk_2,350.0,348.18111033795134,348.1784180460148,,0.0026922919365119924,1.8188896620486616,1.8215819539851736
xk_2,350.0,347.9005369022211,347.89841212122695,,0.002124780994165576,2.09946309777888,2.1015878787730458
xk_2,350.0,348.09752040972603,348.0961154231032,,0.0014049866228447172,1.9024795902739697,1.9038845768968145
xk_2,350.0,347.96809310258124,347.96733525548603,,0.000757847095201214,2.0319068974187644,2.0326647445139656
xk_2,350.0,348.36165370495314,348.3613312724128,,0.00032243254031527613,1.6383462950468584,1.6386687275871736
xk_2,350.0,347.8449277358347,347.84486701772147,,6.071811321817222e-05,2.1550722641653124,2.1551329822785306
xk_2,350.0,347.99324001194515,347.9933139208557,,-7.390891056502369e-05,2.006759988054853,2.0066860791442878
xk_2,350.0,347.4419892882973,347.4420842071844,,-9.491888710044805e-05,2.558010711702707,2.5579157928156064
xk_2,350.0,348.06381285325494,348.0638646510691,,-5.179781413744422e-05,1.9361871467450555,1.936135348930918
xk_2,350.0,348.37863312423013,348.3786540198111,,-2.0895580973956385e-05,1.6213668757698656,1.6213459801888916
xk_2,350.0,348.0168583706874,348.01686499821847,,-6.627531092817662e-06,1.9831416293126267,1.983135001781534
xk_2,350.0,348.2073791961783,348.20737726252753,,1.933650764840422e-06,1.7926208038217055,1.7926227374724704
xk_2,350.0,348.66148590172406,348.66149011520264,,-4.213478575820773e-06,1.3385140982759367,1.3385098847973609
xk_2,350.0,347.5119459827945,347.8502520000728,,-0.33830601727834164,2.4880540172055134,2.149747999927172
xk_2,350.0,348.3242327509313,348.50421322406567,,-0.17998047313437837,1.6757672490687128,1.4957867759343344
xk_2,350.0,348.2850182714692,348.3268031629624,,-0.041784891493193754,1.7149817285308018,1.673196837037608
uk_1,100,100.0,100.0,,0.0,0.0,0.0
uk_1,100,100.12337967990483,100.12337967990483,,0.0,-0.12337967990482923,-0.12337967990482923
uk_1,100,100.32003522382652,100.32003522382652,,0.0,-0.3200352238265225,-0.3200352238265225
uk_1,100,99.99618695474364,99.99618695474364,,0.0,0.003813045256364944,0.003813045256364944
uk_1,100,100.55177153762638,100.55177153762638,,0.0,-0.5517715376263794,-0.5517715376263794
uk_1,100,100.69354502711079,100.69354502711079,,0.0,-0.6935450271107868,-0.6935450271107868
uk_1,100,99.26448628707604,99.26448628707604,,0.0,0.7355137129239608,0.7355137129239608
uk_1,100,99.6581944074965,99.6581944074965,,0.0,0.34180559250350484,0.34180559250350484
uk_1,100,98.56815582281457,98.56815582281457,,0.0,1.4318441771854253,1.4318441771854253
uk_1,100,100.61667347153399,100.61667347153399,,0.0,-0.6166734715339857,-0.6166734715339857
uk_1,100,101.86289733831347,101.86289733831347,,0.0,-1.8628973383134735,-1.8628973383134735
uk_1,100,99.3691958864665,99.3691958864665,,0.0,0.6308041135335003,0.6308041135335003
uk_1,100,98.41402873735615,98.41402873735615,,0.0,1.5859712626438522,1.5859712626438522
uk_1,100,98.29205142035978,98.29205142035978,,0.0,1.7079485796402167,1.7079485796402167
uk_1,100,98.48408552800338,98.48408552800338,,0.0,1.5159144719966235,1.5159144719966235
uk_1,100,98.23197608556525,103.61956230138784,,-5.387586215822594,1.7680239144347496,-3.6195623013878446
uk_1,100,98.28760989498326,96.84256788076235,,1.4450420142209168,1.7123901050167376,3.1574321192376544
uk_1,100,99.66383994635149,99.13323096553204,,0.5306089808194514,0.33616005364851276,0.8667690344679642
uk_1,100,101.94836275188128,101.84040291666602,,0.10795983521525443,-1.9483627518812767,-1.8404029166660223
uk_1,100,101.85993404132655,101.90063104716006,,-0.04069700583350766,-1.8599340413265537,-1.9006310471600614
uk_1,100,101.71998454856772,101.79238042655555,,-0.0723958779878302,-1.719984548567723,-1.7923804265555532
uk_1,100,100.94220514544092,100.99315000585105,,-0.05094486041012658,-0.9422051454409228,-0.9931500058510494
uk_1,100,97.12099769492097,97.16070087516968,,-0.03970318024870778,2.8790023050790268,2.839299124830319
uk_1,100,96.51727952652757,96.78754722834462,,-0.2702677018170476,3.482720473472426,3.2124527716553786
uk_1,100,97.0161916808057,97.26239025550332,,-0.2461985746976154,2.9838083191942957,2.7376097444966803
uk_1,100,97.34799259434031,97.51657593546108,,-0.16858334112076534,2.6520074056596883,2.483424064538923
uk_1,100,97.4420989834583,97.54485704354396,,-0.10275806008566235,2.557901016541706,2.4551429564560436
uk_1,100,97.54567307128079,97.59443412639249,,-0.04876105511169726,2.4543269287192118,2.4055658736075145
uk_1,100,98.58663988298743,98.59975795986966,,-0.013118076882236096,1.413360117012573,1.4002420401303368
uk_1,100,97.85770793269161,98.09944224896907,,-0.24173431627745856,2.1422920673083894,1.9005577510309308
uk_1,100,99.89697290601154,100.06309704996004,,-0.16612414394849395,0.10302709398845877,-0.06309704996003518
uk_1,100,100.82863222222899,100.92274370018109,,-0.09411147795209729,-0.8286322222289897,-0.922743700181087
uk_1,100,99.92067425450472,99.96321980328024,,-0.042545548775521524,0.07932574549528226,0.03678019671976074
uk_1,100,100.49284491542319,100.50763230338713,,-0.014787387963934862,-0.4928449154231913,-0.5076323033871262
uk_1,100,102.96832656203716,102.96903133635448,,-0.0007047743173131948,-2.968326562037163,-2.969031336354476
uk_1,100,101.050371550908,101.04760458158508,,0.0027669693229199765,-1.0503715509079967,-1.0476045815850767
uk_1,100,98.95005909208034,98.94742141636716,,0.0026376757131743034,1.0499409079196624,1.0525785836328367
uk_1,100,97.38851081509675,97.38687273862236,,0.0016380764743928466,2.611489184903249,2.6131272613776417
uk_1,100,100.02207899960521,100.0199582933374,,0.0021207062678172406,-0.022078999605213312,-0.01995829333739607
uk_1,100,100.23691512872448,100.23526258432688,,0.0016525443976007637,-0.23691512872447618,-0.2352625843268754
uk_1,100,101.17367708893998,101.17207076290856,,0.0016063260314211902,-1.1736770889399821,-1.172070762908561
uk_1,100,98.71342916783253,98.71259900343182,,0.0008301644007104869,1.2865708321674703,1.2874009965681807
uk_1,100,95.96840220434706,95.96821468899968,,0.00018751534737759812,4.031597795652942,4.03178531100032
uk_1,100,96.7915313945519,96.79123401205597,,0.0002973824959298099,3.208468605448104,3.208765987944034
uk_1,100,96.58914525464998,96.58884425408127,,0.00030100056871162906,3.410854745350022,3.411155745918734
uk_1,100,96.21649965120824,96.21618838183235,,0.00031126937588510373,3.783500348791762,3.783811618167647
uk_1,100,94.23917775683071,94.47887633902913,,-0.23969858219841456,5.760822243169287,5.521123660970872
uk_1,100,94.52593378472872,94.70514911908285,,-0.17921533435412584,5.474066215271279,5.294850880917153
uk_1,100,94.25120836751101,94.34809745462243,,-0.09688908711142119,5.748791632488988,5.651902545377567
uk_1,100,88.56901509378999,88.89962537376172,,-0.33061027997173653,11.430984906210014,11.100374626238278
uk_1,100,99.61723647666993,99.80292734339137,,-0.18569086672144408,0.3827635233300697,0.1970726566086256
uk_1,100,95.16777121896213,95.30779297661378,,-0.14002175765165248,4.83222878103787,4.692207023386217
uk_1,100,97.57120253611407,97.68103470586212,,-0.10983216974804577,2.428797463885928,2.3189652941378824
uk_1,100,97.72798172857843,98.04660853848948,,-0.3186268099110521,2.2720182714215724,1.9533914615105203
uk_1,100,95.28890050685699,95.48309627007018,,-0.19419576321318743,4.71109949314301,4.5169037299298225
uk_1,100,92.963575214393,93.07120361086552,,-0.10762839647252065,7.036424785606997,6.928796389134476
uk_1,100,94.55211427415611,94.59987084680193,,-0.04775657264582378,5.447885725843889,5.4001291531980655
uk_1,100,96.31346689597032,96.32977243268249,,-0.016305536712167168,3.686533104029678,3.670227567317511
uk_1,100,94.52839962058674,94.53111505116264,,-0.0027154305759040653,5.47160037941326,5.468884948837356
uk_1,100,93.98360145094335,93.98179315938954,,0.0018082915538144562,6.016398549056646,6.0182068406104605
uk_1,100,93.0496269686396,93.04751557333235,,0.0021113953072529057,6.9503730313603995,6.952484426667652
uk_1,100,94.0704912399295,94.06862528653751,,0.0018659533919844762,5.9295087600705045,5.931374713462489
uk_1,100,94.3734668173775,94.37227932010151,,0.001187497275992655,5.626533182622495,5.627720679898488
uk_1,100,93.9878256984461,93.98735433080908,,0.00047136763701871587,6.012174301553898,6.012645669190917
uk_1,100,93.47069569379155,93.47061218186332,,8.351192823852216e-05,6.529304306208445,6.529387818136684
uk_1,100,96.47542083419386,96.47487249503548,,0.0005483391583709363,3.524579165806145,3.525127504964516
uk_1,100,93.18379176936403,93.18395542306438,,-0.00016365370034066018,6.816208230635965,6.816044576935624
uk_1,100,96.11853345468857,96.11827307904504,,0.0002603756435348714,3.881466545311426,3.8817269209549607
uk_1,100,93.21114531443916,93.2113137350207,,-0.00016842058153088146,6.788854685560835,6.7886862649793045
uk_1,100,93.08398531094794,93.08420205317618,,-0.00021674222824685785,6.916014689052062,6.915797946823815
uk_1,100,94.70130210476859,94.7012800527696,,2.2051998982419718e-05,5.298697895231413,5.298719947230396
uk_1,100,95.03189653658981,95.0318753009001,,2.1235689715126682e-05,4.968103463410188,4.968124699099903
uk_1,100,88.72871370153446,88.72821822628924,,0.0004954752452164257,11.27128629846554,11.271781773710757
uk_1,100,97.08394527135623,97.33110544635787,,-0.247160175001639,2.916054728643772,2.668894553642133
uk_1,100,95.22115738335665,95.39897813159922,,-0.1778207482425671,4.778842616643345,4.601021868400778
uk_1,100,97.98266125500172,98.08473869092671,,-0.10207743592499696,2.017338744998284,1.915261309073287
uk_1,100,96.92219531380562,96.96983676961365,,-0.047641455808033584,3.0778046861943835,3.03016323038635
uk_1,100,95.60272933953338,95.85897392541456,,-0.25624458588117704,4.397270660466617,4.14102607458544
uk_1,100,97.55467637695575,97.72698709115211,,-0.17231071419635668,2.4453236230442457,2.273012908847889
uk_1,100,97.50237513735426,97.59569834777618,,-0.09332321042191438,2.4976248626457362,2.404301652223822
uk_1,100,95.7250261912352,95.76518790571737,,-0.0401617144821671,4.274973808764798,4.234812094282631
uk_1,100,97.20999855233693,97.45490702791867,,-0.24490847558173812,2.790001447663073,2.545092972081335
uk_1,100,94.40772850974493,94.57420024014219,,-0.16647173039726226,5.592271490255072,5.42579975985781
uk_1,100,95.46678799734698,95.56346307545697,,-0.09667507810998188,4.533212002653016,4.436536924543034
uk_1,100,93.40898280611844,93.45448326543722,,-0.04550045931877378,6.591017193881555,6.545516734562781
uk_1,100,93.95093312076861,93.96920067155459,,-0.018267550785978415,6.04906687923139,6.030799328445411
uk_1,100,91.01038620677373,91.01656600077169,,-0.006179793997958427,8.989613793226269,8.98343399922831
uk_1,100,91.45519781697442,91.45654808046717,,-0.0013502634927533563,8.544802183025581,8.543451919532828
uk_1,100,94.47825035027142,94.47755250653144,,0.00069784373998516,5.5217496497285765,5.522447493468562
uk_1,100,96.4243170555898,96.42314823799852,,0.0011688175912780707,3.575682944410204,3.576851762001482
uk_1,100,97.21586208486079,97.21492816069403,,0.0009339241667589704,2.784137915139212,2.785071839305971
uk_1,100,95.7489439164704,95.7486901445322,,0.000253771938190539,4.251056083529605,4.251309855467795
uk_1,100,93.35091109988038,93.35139276938607,,-0.00048166950568884204,6.649088900119622,6.648607230613933
uk_1,100,93.73684136782565,93.7372685277267,,-0.0004271599010507998,6.263158632174353,6.262731472273302
uk_1,100,93.980622376533,93.98097756055118,,-0.00035518401817569156,6.019377623466994,6.019022439448818
uk_1,100,94.43962670303411,94.43987006208897,,-0.00024335905486339016,5.560373296965892,5.560129937911029
uk_1,100,95.4361936649442,95.43625471685613,,-6.105191192773418e-05,4.563806335055801,4.563745283143874
uk_1,100,65.42926642907572,65.23695053114484,,0.19231589793088233,34.570733570924276,34.76304946885516
uk_1,100,104.78158642909212,105.87062383401181,,-1.0890374049196936,-4.7815864290921155,-5.870623834011809
uk_2,300,300.0,300.0,,0.0,0.0,0.0
uk_2,300,299.98597741280423,299.98597741280423,,0.0,0.01402258719576821,0.01402258719576821
uk_2,300,299.4709133753704,299.4709133753704,,0.0,0.5290866246295991,0.5290866246295991
uk_2,300,303.75168688588116,303.75168688588116,,0.0,-3.7516868858811563,-3.7516868858811563
uk_2,300,294.3385340513607,294.3385340513607,,0.0,5.661465948639318,5.661465948639318
uk_2,300,299.36664735237315,299.36664735237315,,0.0,0.6333526476268503,0.6333526476268503
uk_2,300,306.14196163592936,306.14196163592936,,0.0,-6.141961635929363,-6.141961635929363
uk_2,300,292.94885090463123,292.94885090463123,,0.0,7.051149095368771,7.051149095368771
uk_2,300,304.30603071339516,304.30603071339516,,0.0,-4.30603071339516,-4.30603071339516
uk_2,300,301.471384644926,301.471384644926,,0.0,-1.4713846449259904,-1.4713846449259904
uk_2,300,296.1670109398316,296.1670109398316,,0.0,3.8329890601684156,3.8329890601684156
uk_2,300,305.7161149218897,305.7161149218897,,0.0,-5.716114921889698,-5.716114921889698
uk_2,300,296.9565192206504,296.9565192206504,,0.0,3.0434807793495793,3.0434807793495793
uk_2,300,300.477182853904,300.477182853904,,0.0,-0.4771828539040257,-0.4771828539040257
uk_2,300,296.5376230218102,296.5376230218102,,0.0,3.462376978189809,3.462376978189809
uk_2,300,303.10140598657824,302.9486515964098,,0.15275439016846803,-3.101405986578243,-2.948651596409775
uk_2,300,301.3457152064431,301.51411052540226,,-0.16839531895914206,-1.345715206443117,-1.514110525402259
uk_2,300,298.86905058629,298.58459518337196,,0.2844554029180131,1.1309494137100273,1.4154048166280404
uk_2,300,300.77720815610184,300.48307014638567,,0.2941380097161641,-0.7772081561018354,-0.48307014638567125
uk_2,300,299.63308037439697,299.4134456892079,,0.21963468518907803,0.3669196256030318,0.5865543107921098
uk_2,300,295.16357652802736,295.0538421569785,,0.10973437104888717,4.836423471972637,4.946157843021524
uk_2,300,311.23046381609464,311.1700294267633,,0.06043438933136258,-11.230463816094641,-11.170029426763278
uk_2,300,290.00000763204855,290.29999716099996,,-0.2999895289514143,9.99999236795145,9.700002839000035
uk_2,300,309.8513864108017,309.5529621221112,,0.2984242886905122,-9.851386410801695,-9.552962122111182
uk_2,300,291.48415497216473,291.3717752218119,,0.11237975035282943,8.515845027835269,8.628224778188098
uk_2,300,306.6579021666399,306.5176403173048,,0.14026184933504737,-6.657902166639872,-6.517640317304824
uk_2,300,293.4381968230116,293.39772961354254,,0.0404672094690568,6.5618031769884055,6.602270386457462
uk_2,300,307.6057866381005,307.5922050067347,,0.013581631365809699,-7.605786638100483,-7.592205006734673
uk_2,300,290.0000066680958,290.29999716099996,,-0.2999904929041577,9.999993331904193,9.700002839000035
uk_2,300,304.8090185496999,304.52856030405195,,0.2804582456479352,-4.809018549699886,-4.52856030405195
uk_2,300,297.2020477048945,297.04031932762814,,0.1617283772663427,2.7979522951055174,2.95968067237186
uk_2,300,295.32791971479037,295.2967927601564,,0.031126954633975856,4.672080285209631,4.703207239843607
uk_2,300,297.2576168360086,297.25637732211317,,0.0012395138954275353,2.7423831639914056,2.743622677886833
uk_2,300,295.9736030823665,295.98552655677423,,-0.011923474407751655,4.0263969176335195,4.014473443225768
uk_2,300,296.88822968988393,296.89800716736687,,-0.009777477482941777,3.1117703101160714,3.1019928326331296
uk_2,300,299.02302048270417,299.0298233602739,,-0.0068028775697257515,0.9769795172958311,0.9701766397261053
uk_2,300,296.22423188369976,296.2275833598897,,-0.0033514761899482437,3.7757681163002417,3.7724166401102934
uk_2,300,298.62478513705867,298.62618568167886,,-0.0014005446201963423,1.375214862941334,1.3738143183211378
uk_2,300,297.95012211052773,297.9510167974314,,-0.0008946869036776661,2.0498778894722705,2.048983202568593
uk_2,300,292.8628764201438,292.8632287114316,,-0.00035229128781111285,7.1371235798562225,7.136771288568411
uk_2,300,295.1534778831792,295.1536414625381,,-0.000163579358854804,4.846522116820779,4.846358537461924
uk_2,300,300.19023710274666,300.1901157544708,,0.00012134827585441599,-0.19023710274666428,-0.19011575447080986
uk_2,300,292.71415552007187,292.7139319365113,,0.00022358356056884077,7.28584447992813,7.286068063488699
uk_2,300,297.09983706840416,297.0997742867424,,6.27816617679855e-05,2.900162931595844,2.900225713257612
uk_2,300,297.979104237869,297.9791270775828,,-2.2839713778921578e-05,2.0208957621309764,2.0208729224171975
uk_2,300,290.00001319466026,290.29999716099996,,-0.2999839663397097,9.999986805339745,9.700002839000035
uk_2,300,302.32946647063426,302.01029820742264,,0.3191682632116226,-2.3294664706342587,-2.010298207422636
uk_2,300,290.6110431857465,290.4237360482857,,0.18730713746077754,9.388956814253504,9.576263951714282
uk_2,300,300.7665930948268,300.71700467473414,,0.04958842009267528,-0.7665930948268169,-0.7170046747341416
uk_2,300,290.0,290.29999716099996,,-0.29999716099996476,10.0,9.700002839000035
uk_2,300,294.7051843562059,294.38409358221867,,0.32109077398723684,5.294815643794095,5.615906417781332
uk_2,300,296.9051427026548,296.7244945081309,,0.18064819452393976,3.094857297345186,3.2755054918691258
uk_2,300,290.0000207438578,290.29999716099996,,-0.2999764171421475,9.999979256142183,9.700002839000035
uk_2,300,293.66370745925644,293.2578336301778,,0.40587382907864367,6.336292540743557,6.7421663698222005
uk_2,300,302.358044756433,302.19223444096946,,0.16581031546354552,-2.358044756433003,-2.1922344409694574
uk_2,300,294.44577042749773,294.4174632849688,,0.02830714252894495,5.5542295725022655,5.58253671503121
uk_2,300,295.34427031524626,295.3440130413109,,0.0002572739353468023,4.655729684753737,4.655986958689084
uk_2,300,296.7390191658473,296.75415865261937,,-0.015139486772056898,3.26098083415269,3.245841347380633
uk_2,300,293.8107497652012,293.8236554143683,,-0.012905649167123556,6.189250234798806,6.176344585631682
uk_2,300,290.89686141958066,290.90395789897065,,-0.007096479389986143,9.10313858041934,9.096042101029354
uk_2,300,298.9787375433001,298.9824171528364,,-0.0036796095362774395,1.0212624566999011,1.0175828471636237
uk_2,300,296.56057831761836,296.56220644188085,,-0.0016281242624813785,3.439421682381635,3.4377935581191537
uk_2,300,292.49080309627897,292.49122075065145,,-0.0004176543724838666,7.509196903721033,7.5087792493485495
uk_2,300,296.72274207937215,296.7227390895069,,2.989865265590197e-06,3.2772579206278465,3.277260910493112
uk_2,300,293.52906565134197,293.52885344038464,,0.00021221095732926187,6.470934348658034,6.471146559615363
uk_2,300,294.1659600363062,294.166039306397,,-7.927009079367053e-05,5.834039963693783,5.8339606936029895
uk_2,300,295.7703036791114,295.77007055106907,,0.00023312804233910356,4.229696320888593,4.229929448930932
uk_2,300,295.34131868211057,295.34135221450737,,-3.353239679881881e-05,4.658681317889432,4.658647785492633
uk_2,300,292.999943885048,292.9997868364947,,0.00015704855331932777,7.000056114951974,7.000213163505293
uk_2,300,298.36742319882325,298.3673409669269,,8.223189632872163e-05,1.6325768011767536,1.6326590330730824
uk_2,300,291.4472751463071,291.44731155188686,,-3.640557974904368e-05,8.552724853692894,8.552688448113145
uk_2,300,297.32050904458316,297.3205266750551,,-1.7630471916163515e-05,2.6794909554168385,2.6794733249449223
uk_2,300,290.0,290.29999716099996,,-0.29999716099996476,10.0,9.700002839000035
uk_2,300,298.62875901697527,298.3026872090189,,0.32607180795633894,1.3712409830247339,1.6973127909810728
uk_2,300,291.7592562209405,291.5685069188444,,0.1907493020960942,8.240743779059528,8.431493081155622
uk_2,300,297.05626316190984,297.0083344118991,,0.04792875001072616,2.9437368380901603,2.9916655881008865
uk_2,300,290.0000314361454,290.29999716099996,,-0.2999657248545873,9.999968563854623,9.700002839000035
uk_2,300,295.2749700208782,294.93952745473274,,0.33544256614544565,4.725029979121814,5.06047254526726
uk_2,300,294.03045121456296,293.88544945929937,,0.1450017552635927,5.969548785437041,6.114550540700634
uk_2,300,295.5673984655818,295.53357176092226,,0.03382670465953197,4.432601534418211,4.466428239077743
uk_2,300,290.0000104818766,290.29999716099996,,-0.2999866791233785,9.999989518123414,9.700002839000035
uk_2,300,300.9730632497661,300.67714619819117,,0.2959170515749179,-0.9730632497660849,-0.6771461981911671
uk_2,300,294.6977845374728,294.5215250409349,,0.1762594965379094,5.302215462527215,5.4784749590651245
uk_2,300,290.7841115018267,290.7512012311137,,0.03291027071298913,9.215888498173285,9.248798768886275
uk_2,300,295.2831635426747,295.28264823505884,,0.0005153076158421754,4.716836457325314,4.7173517649411565
uk_2,300,293.6152782861118,293.6271358054904,,-0.011857519378622783,6.3847217138882115,6.372864194509589
uk_2,300,296.0106586911379,296.01990630478423,,-0.009247613646323316,3.9893413088620946,3.9800936952157713
uk_2,300,294.44577756813345,294.4521803166953,,-0.006402748561868066,5.554222431866549,5.547819683304681
uk_2,300,296.66466646402847,296.6683742618088,,-0.0037077977803505746,3.335333535971529,3.3316257381911782
uk_2,300,292.2960617902879,292.29798190098245,,-0.001920110694527466,7.703938209712078,7.70201809901755
uk_2,300,295.75350128540356,295.75432115770633,,-0.0008198723027703636,4.2464987145964415,4.245678842293671
uk_2,300,292.6466921682632,292.6467905991363,,-9.843087309491239e-05,7.3533078317367995,7.353209400863705
uk_2,300,298.16758913529384,298.1673820600268,,0.00020707526704200063,1.832410864706162,1.832617939973204
uk_2,300,295.6325108679736,295.6324156766926,,9.519128104784613e-05,4.367489132026378,4.367584323307426
uk_2,300,292.51287523376084,292.51287973105656,,-4.497295719829708e-06,7.4871247662391625,7.487120268943443
uk_2,300,295.4393344371407,295.43936298440275,,-2.8547262047595723e-05,4.560665562859299,4.560637015597251
uk_2,300,295.9776202137889,295.97770500741643,,-8.479362753632813e-05,4.022379786211104,4.022294992583568
uk_2,300,290.0,291.264726502527,,-1.2647265025270258,10.0,8.735273497472974
uk_2,300,299.8915137227533,298.62231562498863,,1.2691980977646722,0.10848627724669768,1.3776843750113699
t1,7200000000.0,7200000000.0,7200000000.0,,0.0,0.0,0.0
t1,7200000000.0,7200000000.0,7200000000.0,,0.0,0.0,0.0
t1,7200000000.0,7229355379.575993,7229355379.575993,,0.0,-29355379.575992584,-29355379.575992584
t1,7200000000.0,7215002014.173698,7215002014.173698,,0.0,-15002014.173698425,-15002014.173698425
t1,7200000000.0,7239671364.092257,7239671364.092257,,0.0,-39671364.092256546,-39671364.092256546
t1,7200000000.0,7242986712.458131,7242986712.458131,,0.0,-42986712.45813084,-42986712.45813084
t1,7200000000.0,7213419311.566454,7213419311.566454,,0.0,-13419311.566453934,-13419311.566453934
t1,7200000000.0,7237538285.62228,7237538285.62228,,0.0,-37538285.62228012,-37538285.62228012
t1,7200000000.0,7183249613.074925,7183249613.074925,,0.0,16750386.925074577,16750386.925074577
t1,7200000000.0,7235719334.6641035,7235719334.6641035,,0.0,-35719334.66410351,-35719334.66410351
t1,7200000000.0,7297413850.999147,7297413850.999147,,0.0,-97413850.99914742,-97413850.99914742
t1,7200000000.0,7234472383.009282,7234472383.009282,,0.0,-34472383.00928211,-34472383.00928211
t1,7200000000.0,7202490923.273828,7202490923.273828,,0.0,-2490923.273827553,-2490923.273827553
t1,7200000000.0,7159040546.414069,7159040546.414069,,0.0,40959453.585930824,40959453.585930824
t1,7200000000.0,7143037206.057652,7143037206.057652,,0.0,56962793.94234753,56962793.94234753
t1,7200000000.0,7098822034.907669,7098822034.907669,,0.0,101177965.09233093,101177965.09233093
t1,7200000000.0,7071032057.473095,7071140506.926926,,-108449.453830719,128967942.52690506,128859493.07307434
t1,7200000000.0,7086118997.389818,7086261850.521763,,-142853.13194465637,113881002.61018181,113738149.47823715
t1,7200000000.0,7156863901.509422,7157274952.45168,,-411050.94225788116,43136098.4905777,42725047.54831982
t1,7200000000.0,7190757714.24487,7191173920.581161,,-416206.3362903595,9242285.755129814,8826079.418839455
t1,7200000000.0,7231644763.617605,7231973086.829312,,-328323.2117071152,-31644763.61760521,-31973086.829312325
t1,7200000000.0,7227155134.436002,7227735337.562021,,-580203.1260194778,-27155134.436001778,-27735337.562021255
t1,7200000000.0,7118669475.670787,7119496502.002476,,-827026.3316888809,81330524.32921314,80503497.99752426
t1,7200000000.0,6980332968.657177,6981047616.697881,,-714648.0407037735,219667031.34282303,218952383.30211926
t1,7200000000.0,6973319349.811302,6973984577.66706,,-665227.8557577133,226680650.18869781,226015422.3329401
t1,7212000000.0,6906650990.515039,6907376112.685505,,-725122.1704654694,305349009.48496056,304623887.3144951
t1,7224000000.0,6899312806.219989,6900079292.152253,,-766485.932264328,324687193.7800112,323920707.84774685
t1,7236000000.0,6838239499.17108,6839115281.09094,,-875781.9198608398,397760500.82892036,396884718.9090595
t1,7248000000.0,6870921813.495139,6871899204.551877,,-977391.0567378998,377078186.5048609,376100795.448123
t1,7260000000.0,6801925646.101731,6802743529.054713,,-817882.9529819489,458074353.8982687,457256470.94528675
t1,7272000000.0,6875511250.3852625,6876274027.088846,,-762776.7035837173,396488749.6147375,395725972.9111538
t1,7284000000.0,6936505335.958552,6937192387.284392,,-687051.3258399963,347494664.04144764,346807612.71560764
t1,7296000000.0,6952333946.733391,6952997602.4254055,,-663655.6920146942,343666053.2666092,343002397.5745945
t1,7308000000.0,7020056437.809031,7020659671.1354065,,-603233.3263759613,287943562.19096947,287340328.8645935
t1,7320000000.0,7170898236.91285,7171381590.467842,,-483353.5549917221,149101763.08714962,148618409.5321579
t1,7332000000.0,7210972156.274943,7211399300.307185,,-427144.0322418213,121027843.72505665,120600699.69281483
t1,7344000000.0,7217854165.803779,7218258156.041804,,-403990.2380256653,126145834.19622135,125741843.95819569
t1,7356000000.0,7190808236.700463,7191194205.218562,,-385968.5180988312,165191763.2995367,164805794.78143787
t1,7368000000.0,7294569313.929257,7294887531.546121,,-318217.61686325073,73430686.0707426,73112468.45387936
t1,7380000000.0,7372345344.76751,7372621058.523348,,-275713.7558374405,7654655.232489586,7378941.476652145
t1,7392000000.0,7478740779.8463545,7478966930.933636,,-226151.0872812271,-86740779.84635448,-86966930.93363571
t1,7404000000.0,7475706234.861553,7475914468.538939,,-208233.67738628387,-71706234.86155319,-71914468.53893948
t1,7416000000.0,7444211718.67377,7444412732.939738,,-201014.26596832275,-28211718.67376995,-28412732.939738274
t1,7428000000.0,7463814604.435158,7463996633.209793,,-182028.77463531494,-35814604.435157776,-35996633.20979309
t1,7440000000.0,7471719627.3978615,7471886277.791433,,-166650.39357185364,-31719627.39786148,-31886277.791433334
t1,7452000000.0,7494364764.160012,7494517457.942354,,-152693.7823419571,-42364764.160012245,-42517457.9423542
t1,7464000000.0,7392701366.955264,7392739258.419684,,-37891.4644203186,71298633.04473591,71260741.58031559
t1,7476000000.0,7412175668.179185,7412176903.663084,,-1235.483899116516,63824331.82081509,63823096.33691597
t1,7488000000.0,7351000175.539286,7351047250.872123,,-47075.3328371048,136999824.46071434,136952749.12787724
t1,7500000000.0,7355900719.113084,7355946420.714169,,-45701.60108470917,144099280.88691616,144053579.28583145
t1,7512000000.0,7390131935.21116,7390060543.028358,,71392.18280124664,121868064.7888403,121939456.97164154
t1,7524000000.0,7312311475.336304,7312178732.794581,,132742.54172229767,211688524.6636963,211821267.2054186
t1,7536000000.0,7431340858.635917,7431199151.709784,,141706.92613315582,104659141.36408329,104800848.29021645
t1,7548000000.0,7489450270.708287,7489326241.455173,,124029.25311470032,58549729.29171276,58673758.54482746
t1,7560000000.0,7443564145.43312,7443437465.630271,,126679.80284881592,116435854.56688023,116562534.36972904
t1,7572000000.0,7388886894.152433,7388724081.123122,,162813.02931118011,183113105.8475666,183275918.87687778
t1,7584000000.0,7402355669.743336,7402244538.030357,,111131.71297836304,181644330.25666428,181755461.96964264
t1,7596000000.0,7451712045.952316,7451568518.211824,,143527.74049186707,144287954.04768372,144431481.78817558
t1,7608000000.0,7414652130.8974695,7414539008.499737,,113122.39773273468,193347869.10253048,193460991.5002632
t1,7620000000.0,7401270258.978504,7401180758.029501,,89500.9490032196,218729741.02149582,218819241.97049904
t1,7632000000.0,7333182790.266335,7333103141.647937,,79648.61839771271,298817209.73366547,298896858.3520632
t1,7644000000.0,7344570860.535704,7344488391.6285715,,82468.90713214874,299429139.46429634,299511608.3714285
t1,7656000000.0,7350774882.043714,7350697273.945005,,77608.09870815277,305225117.95628643,305302726.0549946
t1,7668000000.0,7315175827.747311,7315109817.862555,,66009.88475608826,352824172.25268936,352890182.13744545
t1,7680000000.0,7291914668.199246,7291860072.156464,,54596.04278278351,388085331.8007536,388139927.8435364
t1,7692000000.0,7380090310.022612,7380014723.109171,,75586.91344070435,311909689.9773884,311985276.8908291
t1,7704000000.0,7293641410.974038,7293589557.440102,,51853.53393650055,410358589.0259619,410410442.5598984
t1,7716000000.0,7377726312.99603,7377661051.731989,,65261.26404094696,338273687.00397015,338338948.2680111
t1,7728000000.0,7310077442.928497,7310029059.506967,,48383.42153072357,417922557.0715027,417970940.4930334
t1,7740000000.0,7263592663.805912,7263552826.637175,,39837.1687374115,476407336.194088,476447173.3628254
t1,7752000000.0,7317747255.933728,7317704480.523095,,42775.41063308716,434252744.0662718,434295519.47690487
t1,7764000000.0,7317869769.210135,7317828774.572237,,40994.63789844513,446130230.78986454,446171225.427763
t1,7776000000.0,7360471585.022056,7360431318.079301,,40266.94275474548,415528414.9779444,415568681.9206991
t1,7788000000.0,7280001517.563366,7279813843.316829,,187674.24653720856,507998482.43663406,508186156.6831713
t1,7800000000.0,7289133691.045191,7288914946.83109,,218744.2141008377,510866308.9548092,511085053.16891
t1,7812000000.0,7397111925.410601,7396990931.019486,,120994.39111423492,414888074.58939934,415009068.9805136
t1,7824000000.0,7458304870.823506,7458204683.325433,,100187.49807357788,365695129.17649364,365795316.6745672
t1,7836000000.0,7458345852.03842,7458218767.196481,,127084.84193897247,377654147.9615803,377781232.80351925
t1,7848000000.0,7583566965.272928,7583563451.599734,,3513.6731939315796,264433034.72707176,264436548.4002657
t1,7860000000.0,7661863119.82736,7661912871.844373,,-49752.01701259613,198136880.17263985,198087128.15562725
t1,7872000000.0,7693934276.348516,7693997869.278673,,-63592.930156707764,178065723.65148354,178002130.72132683
t1,7884000000.0,7746116947.103286,7746040078.062172,,76869.04111385345,137883052.8967142,137959921.93782806
t1,7896000000.0,7724877108.505528,7724765491.788985,,111616.71654319763,171122891.49447155,171234508.21101475
t1,7908000000.0,7792221840.406429,7792096898.8883505,,124941.51807880402,115778159.59357071,115903101.11164951
t1,7920000000.0,7740094823.566498,7740027129.198566,,67694.36793136597,179905176.4335022,179972870.80143356
t1,7932000000.0,7768574899.119536,7768532066.840359,,42832.27917766571,163425100.8804636,163467933.15964127
t1,7932000000.0,7657420781.6193285,7657429143.256905,,-8361.63757610321,274579218.3806715,274570856.7430954
t1,7932000000.0,7625851766.111511,7625886602.842412,,-34836.730900764465,306148233.88848877,306113397.157588
t1,7932000000.0,7680845873.305779,7680860739.666238,,-14866.360458374023,251154126.69422054,251139260.33376217
t1,7932000000.0,7774959568.132998,7774953776.582308,,5791.55069065094,157040431.86700153,157046223.41769218
t1,7932000000.0,7843578445.428762,7843554411.434402,,24033.994359970093,88421554.57123756,88445588.56559753
t1,7932000000.0,7865301984.507981,7865282124.7435,,19859.764481544495,66698015.4920187,66717875.256500244
t1,7932000000.0,7791248646.2726,7791251453.462266,,-2807.1896657943726,140751353.72739983,140748546.53773403
t1,7932000000.0,7795093582.139568,7795099457.766884,,-5875.62731552124,136906417.86043167,136900542.23311615
t1,7932000000.0,7800744710.792484,7800753293.512891,,-8582.720406532288,131255289.20751572,131246706.48710918
t1,7932000000.0,7803650924.519615,7803660240.261184,,-9315.741568565369,128349075.48038483,128339759.73881626
t1,7932000000.0,7843213295.555955,7843217853.223601,,-4557.667646408081,88786704.44404507,88782146.77639866
t1,7932000000.0,7886240199.989161,7886243441.001268,,-3241.012107849121,45759800.01083946,45756558.99873161
t1,7932000000.0,7804293389.336814,7803393692.428105,,899696.9087085724,127706610.66318607,128606307.57189465
t1,7932000000.0,7720790366.812868,7718841482.110643,,1948884.7022247314,211209633.18713188,213158517.8893566
t2,-50000.0,-50000.0,-50000.0,,0.0,0.0,0.0
t2,-50000.0,-50000.0,-50000.0,,0.0,0.0,0.0
t2,-50000.0,-50000.00000004513,-50000.00000004513,,0.0,4.513276508077979e-08,4.513276508077979e-08
t2,-50000.0,-48191.61893323114,-48191.61893323114,,0.0,-1808.3810667688595,-1808.3810667688595
t2,-50000.0,-51866.893686636846,-51866.893686636846,,0.0,1866.8936866368458,1866.8936866368458
t2,-50000.0,-50596.33273762797,-50596.33273762797,,0.0,596.3327376279703,596.3327376279703
t2,-50000.0,-47667.70612613777,-47667.70612613777,,0.0,-2332.2938738622324,-2332.2938738622324
t2,-50000.0,-52725.36314015713,-52725.36314015713,,0.0,2725.363140157133,2725.363140157133
t2,-50000.0,-49109.01547968762,-49109.01547968762,,0.0,-890.9845203123768,-890.9845203123768
t2,-50000.0,-49105.36551233314,-49105.36551233314,,0.0,-894.6344876668591,-894.6344876668591
t2,-50000.0,-50975.06858124889,-50975.06858124889,,0.0,975.0685812488882,975.0685812488882
t2,-50000.0,-47821.16767094516,-47821.16767094516,,0.0,-2178.8323290548433,-2178.8323290548433
t2,-50000.0,-51327.695752444335,-51327.695752444335,,0.0,1327.695752444335,1327.695752444335
t2,-50000.0,-50371.34673343264,-50371.34673343264,,0.0,371.3467334326415,371.3467334326415
t2,-50000.0,-52020.29042354965,-52020.29042354965,,0.0,2020.2904235496535,2020.2904235496535
t2,-50000.0,-49690.239595975494,-49690.239595975494,,0.0,-309.760404024506,-309.760404024506
t2,-50000.0,-49983.174551614924,-49991.438222447,,8.263670832078787,-16.825448385076015,-8.561777552997228
t2,-50000.0,-50577.09582420306,-50571.61364073847,,-5.482183464591799,577.095824203061,571.6136407384693
t2,-50000.0,-49254.999484358974,-49251.712000775704,,-3.287483583269932,-745.0005156410261,-748.2879992242961
t2,-50000.0,-49682.65766990118,-49684.04203656694,,1.384366665763082,-317.34233009882155,-315.95796343305847
t2,-50000.0,-51768.231982630576,-51758.62181185586,,-9.610170774714788,1768.2319826305757,1758.6218118558609
t2,-50000.0,-44926.821904330114,-44933.604358122284,,6.78245379216969,-5073.178095669886,-5066.395641877716
t2,-50000.0,-55183.385859503134,-55174.55156434498,,-8.83429515815078,5183.385859503134,5174.5515643449835
t2,-50000.0,-47841.87316679237,-47817.04739444889,,-24.825772343479912,-2158.126833207629,-2182.9526055511087
t2,-50000.0,-54740.92603380403,-54733.270853831404,,-7.655179972629412,4740.926033804033,4733.270853831404
t2,-50000.0,-49467.74599855829,-49462.97206549733,,-4.773933060962008,-532.25400144171,-537.027934502672
t2,-50000.0,-54392.98276451761,-54383.00157087274,,-9.98119364487502,4392.982764517612,4383.001570872737
t2,-50000.0,-49089.831998914844,-49087.234657349116,,-2.5973415657281294,-910.168001085156,-912.7653426508841
t2,-50000.0,-55801.76761402432,-55793.805147306564,,-7.962466717755888,5801.76761402432,5793.805147306564
t2,-50000.0,-50933.014437651385,-50913.58245207212,,-19.43198557926371,933.0144376513854,913.5824520721217
t2,-50000.0,-52825.128884074285,-52827.01370052775,,1.8848164534647367,2825.1288840742855,2827.01370052775
t2,-50000.0,-53606.21829311434,-53598.89058158246,,-7.327711531877867,3606.2182931143398,3598.890581582462
t2,-50000.0,-53438.22979559604,-53434.681195243225,,-3.5486003528130823,3438.2297955960385,3434.6811952432254
t2,-50000.0,-53852.786486600286,-53849.18464207797,,-3.6018445223162416,3852.7864866002856,3849.1846420779693
t2,-50000.0,-52837.86330017348,-52835.6337379958,,-2.229562177679327,2837.863300173478,2835.6337379957986
t2,-50000.0,-52291.287319358154,-52289.01815343152,,-2.2691659266347415,2291.2873193581545,2289.0181534315197
t2,-50000.0,-53771.54831325821,-53769.61329317117,,-1.9350200870394474,3771.5483132582085,3769.613293171169
t2,-50000.0,-53260.94483454391,-53259.08303353607,,-1.8618010078353109,3260.9448345439087,3259.0830335360733
t2,-50000.0,-52493.0158473622,-52491.54392693961,,-1.4719204225912108,2493.0158473621996,2491.5439269396084
t2,-50000.0,-54522.984786671645,-54521.71141057714,,-1.2733760945047834,4522.9847866716445,4521.71141057714
t2,-50000.0,-53800.08908448998,-53799.08795560424,,-1.0011288857349427,3800.089084489977,3799.087955604242
t2,-50000.0,-52225.795259471306,-52224.889151616444,,-0.9061078548620571,2225.795259471306,2224.889151616444
t2,-50000.0,-55708.51305769391,-55707.60666923126,,-0.906388462652103,5708.513057693912,5707.60666923126
t2,-50000.0,-54171.62932657623,-54170.84641688681,,-0.7829096894201939,4171.629326576229,4170.846416886809
t2,-50000.0,-53593.975858571015,-53593.264227723615,,-0.7116308473996469,3593.975858571015,3593.2642277236155
t2,-50000.0,-57013.49517378898,-57012.82419563166,,-0.6709781573154032,7013.495173788979,7012.824195631663
t2,-50000.0,-53048.78042985983,-53036.35468418213,,-12.425745677697705,3048.7804298598276,3036.35468418213
t2,-50000.0,-57169.04266818907,-57170.68006973967,,1.6374015506007709,7169.042668189068,7170.680069739668
t2,-50000.0,-53821.76564387716,-53825.00968445297,,3.244040575809777,3821.765643877159,3825.009684452969
t2,-50000.0,-59093.99305472914,-59089.663873334684,,-4.329181394452462,9093.993054729137,9089.663873334684
t2,-50000.0,-55358.090216144476,-55343.92700614015,,-14.163210004327993,5358.090216144476,5343.927006140148
t2,-50000.0,-55635.031857942246,-55644.41801133107,,9.386153388826642,5635.031857942246,5644.418011331072
t2,-50000.0,-57875.21572855736,-57868.006140753234,,-7.209587804129114,7875.215728557363,7868.006140753234
t2,-50000.0,-56674.841144855185,-56663.13543297911,,-11.705711876078567,6674.841144855185,6663.135432979107
t2,-50000.0,-53378.858366773326,-53389.349134718694,,10.490767945368134,3378.8583667733255,3389.3491347186937
t2,-50000.0,-56445.770973027116,-56443.082115597856,,-2.688857429260679,6445.770973027116,6443.082115597856
t2,-50000.0,-55850.99462362875,-55853.33063628005,,2.336012651299825,5850.994623628751,5853.33063628005
t2,-50000.0,-54734.63993962562,-54735.18647974789,,0.5465401222754735,4734.6399396256165,4735.186479747892
t2,-50000.0,-56333.47546375452,-56334.17643557405,,0.7009718195331516,6333.475463754519,6334.176435574052
t2,-50000.0,-58031.46160147866,-58032.567485210944,,1.1058837322852924,8031.461601478659,8032.567485210944
t2,-50000.0,-55543.85196802488,-55544.410801310194,,0.5588332853149041,5543.851968024879,5544.410801310194
t2,-50000.0,-55651.32511033345,-55651.888161249,,0.5630509155525942,5651.325110333448,5651.888161249
t2,-50000.0,-57176.93617303149,-57177.484498348436,,0.5483253169441014,7176.936173031492,7177.484498348436
t2,-50000.0,-55976.997579883726,-55977.414651252955,,0.4170713692292338,5976.997579883726,5977.414651252955
t2,-50000.0,-57287.637840354386,-57287.99973063458,,0.3618902801972581,7287.637840354386,7287.999730634583
t2,-50000.0,-56448.164901552234,-56448.5879165013,,0.4230149490686017,6448.164901552234,6448.587916501303
t2,-50000.0,-56791.28600351272,-56791.58579625602,,0.2997927432952565,6791.286003512723,6791.5857962560185
t2,-50000.0,-55985.32042964637,-55985.6625689708,,0.34213932443526573,5985.320429646366,5985.662568970802
t2,-50000.0,-57772.968712193746,-57773.2291284113,,0.2604162175557576,7772.968712193746,7773.229128411302
t2,-50000.0,-55848.78582321815,-55848.9935650414,,0.20774182324385038,5848.785823218153,5848.993565041397
t2,-50000.0,-57876.49359016236,-57876.71064447399,,0.21705431162990863,7876.493590162361,7876.710644473991
t2,-50000.0,-55853.08947392762,-55853.286245197436,,0.19677126981696347,5853.089473927619,5853.286245197436
t2,-50000.0,-59915.935627822095,-59916.13419944223,,0.1985716201379546,9915.935627822095,9916.134199442233
t2,-50000.0,-55210.28470801744,-55193.93381289489,,-16.350895122552174,5210.28470801744,5193.9338128948875
t2,-50000.0,-58091.012697823666,-58095.923646017065,,4.910948193399236,8091.012697823666,8095.923646017065
t2,-50000.0,-55414.53845040122,-55415.82186423631,,1.2834138350954163,5414.538450401218,5415.821864236314
t2,-50000.0,-58493.8740552917,-58491.9786425012,,-1.895412790501723,8493.8740552917,8491.978642501199
t2,-50000.0,-57004.1237574024,-56997.1934035919,,-6.930353810501401,7004.123757402398,6997.193403591897
t2,-50000.0,-56639.35335815512,-56641.09962386146,,1.7462657063442748,6639.353358155116,6641.099623861461
t2,-50000.0,-55794.83342327008,-55794.37036676734,,-0.4630565027400735,5794.83342327008,5794.37036676734
t2,-50000.0,-58820.22967599632,-58818.31007005145,,-1.919605944873183,8820.229675996321,8818.310070051448
t2,-50000.0,-53465.76634459454,-53452.01673819545,,-13.749606399091135,3465.7663445945436,3452.0167381954525
t2,-50000.0,-55962.60016333021,-55972.4539954614,,9.853832131193485,5962.600163330208,5972.453995461401
t2,-50000.0,-57319.59171868323,-57316.89683012897,,-2.694888554258796,7319.59171868323,7316.8968301289715
t2,-50000.0,-56520.35200950505,-56519.83829798568,,-0.5137115193647332,6520.352009505048,6519.838297985683
t2,-50000.0,-56861.318258091116,-56860.36361070444,,-0.9546473866794258,6861.318258091116,6860.363610704437
t2,-50000.0,-56739.702283955834,-56739.029904478215,,-0.6723794776189607,6739.702283955834,6739.029904478215
t2,-50000.0,-57058.48674056577,-57057.82713367722,,-0.6596068885482964,7058.4867405657715,7057.827133677223
t2,-50000.0,-55256.35529176587,-55255.80956010517,,-0.545731660698948,5256.355291765867,5255.809560105168
t2,-50000.0,-56279.29639826049,-56278.99255236225,,-0.3038458982409793,6279.296398260492,6278.992552362251
t2,-50000.0,-54847.607646161865,-54847.41611438688,,-0.19153177498810692,4847.607646161865,4847.416114386877
t2,-50000.0,-56348.49363112995,-56348.34825923484,,-0.1453718951161136,6348.493631129953,6348.348259234837
t2,-50000.0,-54837.043853655814,-54836.83566733274,,-0.2081863230705494,4837.043853655814,4836.8356673327435
t2,-50000.0,-55239.22023484421,-55239.04250676857,,-0.1777280756359687,5239.220234844208,5239.042506768572
t2,-50000.0,-56439.210432935215,-56439.03992847681,,-0.17050445840868633,6439.210432935215,6439.039928476806
t2,-50000.0,-55443.02900134456,-55442.88601000007,,-0.14299134449538542,5443.029001344563,5442.8860100000675
t2,-50000.0,-54750.21223082338,-54750.10668663128,,-0.1055441920980229,4750.212230823381,4750.106686631283
t2,-50000.0,-59218.56794467735,-59218.480035259985,,-0.08790941736515379,9218.56794467735,9218.480035259985
t2,-50000.0,-52547.83262519104,-52456.995393043144,,-90.83723214789643,2547.8326251910403,2456.995393043144
t2,-50000.0,-56361.57038001162,-56414.35554405495,,52.78516404333641,6361.570380011617,6414.3555440549535
